total_loss,pred_loss,policy_loss,sigreg_loss,learning_rate,epsilon
0.10095115005970001,0.0902271717786789,0.5883162021636963,0.5361990928649902,0.001,0.999
0.10956128686666489,0.0996989905834198,31.364646911621094,0.4931149482727051,0.000999,0.998001
0.10514922440052032,0.09523185342550278,28.98703956604004,0.49586859345436096,0.000999,0.997002999
0.11091742664575577,0.10038193315267563,58.23276138305664,0.5267748236656189,0.000999,0.996005996001
0.1016065701842308,0.0907667726278305,3.8603174686431885,0.541989803314209,0.000999,0.995009990004999
0.11168339103460312,0.10087218880653381,19.92194938659668,0.540560245513916,0.000999,0.994014980014994
0.11769471317529678,0.10714440792798996,33.121246337890625,0.5275154113769531,0.000999,0.993020965034979
0.09190953522920609,0.0816754698753357,4.768942356109619,0.5117031931877136,0.000999,0.9920279440699441
0.11074305325746536,0.10077112913131714,5.335299015045166,0.49859607219696045,0.000999,0.9910359161258742
0.11431556940078735,0.10453936457633972,29.448942184448242,0.48881030082702637,0.000999,0.9900448802097482
0.11463179439306259,0.1049579605460167,115.05708312988281,0.48369160294532776,0.000999,0.9890548353295385
0.10190333425998688,0.09224032610654831,13.711631774902344,0.4831506013870239,0.000998001,0.988065780494209
0.1010356917977333,0.09131312370300293,37.42485046386719,0.48612838983535767,0.000998001,0.9870777147137147
0.11040446162223816,0.10058548301458359,7.992798805236816,0.49094879627227783,0.000998001,0.986090636999001
0.10359488427639008,0.09368588775396347,227.8892364501953,0.4954497218132019,0.000998001,0.9851045463620021
0.09445491433143616,0.08447819203138351,15.38754653930664,0.498835951089859,0.000998001,0.98411944181564
0.09811652451753616,0.08809179067611694,2.3505685329437256,0.5012368559837341,0.000998001,0.9831353223738244
0.08896695077419281,0.07891477644443512,0.7050560116767883,0.5026085376739502,0.000998001,0.9821521870514506
0.09628868848085403,0.08621727675199509,9.130579948425293,0.503570556640625,0.000998001,0.9811700348643991
0.10492514818906784,0.0948348343372345,0.32150253653526306,0.5045157670974731,0.000998001,0.9801888648295347
0.09424947947263718,0.08413529396057129,0.13491955399513245,0.5057092905044556,0.000998001,0.9792086759647052
0.0895061045885086,0.07937522232532501,0.2663332521915436,0.5065442323684692,0.000997002999,0.9782294672887405
0.10014942288398743,0.09001430124044418,0.19379861652851105,0.5067560076713562,0.000997002999,0.9772512378214517
0.10096047818660736,0.09083916991949081,0.8938891887664795,0.5060652494430542,0.000997002999,0.9762739865836303
0.08771497011184692,0.07760915160179138,10.88149356842041,0.5052909851074219,0.000997002999,0.9752977125970467
0.09359854459762573,0.08350230753421783,16.860307693481445,0.5048120021820068,0.000997002999,0.9743224148844496
0.10180563479661942,0.09171142429113388,34.724021911621094,0.5047105550765991,0.000997002999,0.9733480924695651
0.09793944656848907,0.08785320818424225,66.73390197753906,0.5043118596076965,0.000997002999,0.9723747443770956
0.09068480879068375,0.08061467111110687,8.226085662841797,0.5035067796707153,0.000997002999,0.9714023696327185
0.08179115504026413,0.07175387442111969,6.873038291931152,0.501863956451416,0.000997002999,0.9704309672630859
0.09164725989103317,0.08165675401687622,11.780623435974121,0.4995253384113312,0.000997002999,0.9694605362958227
0.08502668142318726,0.07509636133909225,13.017596244812012,0.4965158700942993,0.000996005996001,0.9684910757595269
0.08282757550477982,0.07296350598335266,53.22226333618164,0.49320346117019653,0.000996005996001,0.9675225846837673
0.08059966564178467,0.07079923152923584,21.427867889404297,0.49002164602279663,0.000996005996001,0.9665550620990835
0.08005921542644501,0.07030819356441498,52.957332611083984,0.48755115270614624,0.000996005996001,0.9655885070369844
0.0823250561952591,0.07259857654571533,23.263025283813477,0.4863240122795105,0.000996005996001,0.9646229185299474
0.09456413239240646,0.08483374118804932,4.229634761810303,0.48651954531669617,0.000996005996001,0.9636582956114175
0.08158472925424576,0.07182572782039642,103.839599609375,0.4879499673843384,0.000996005996001,0.9626946373158061
0.09916016459465027,0.08936315029859543,0.09461265802383423,0.4898506999015808,0.000996005996001,0.9617319426784903
0.07319504767656326,0.06336405873298645,2.1793572902679443,0.4915495216846466,0.000996005996001,0.9607702107358118
0.07628149539232254,0.06643596291542053,16.688648223876953,0.4922766089439392,0.000996005996001,0.959809440525076
0.08525554090738297,0.07541484385728836,9.876639366149902,0.49203479290008545,0.000995009990004999,0.9588496310845509
0.08708294481039047,0.07725943624973297,2.5860064029693604,0.49117547273635864,0.000995009990004999,0.9578907814534664
0.07892286777496338,0.06912379711866379,11.534093856811523,0.4899536371231079,0.000995009990004999,0.9569328906720129
0.07344919443130493,0.06367072463035583,7.843696117401123,0.4889236092567444,0.000995009990004999,0.9559759577813409
0.08750949800014496,0.0777478963136673,6.1684417724609375,0.4880799651145935,0.000995009990004999,0.9550199818235596
0.08649413287639618,0.07675953209400177,50.30744171142578,0.48673009872436523,0.000995009990004999,0.9540649618417361
0.07363763451576233,0.06393956393003464,10.250710487365723,0.48490357398986816,0.000995009990004999,0.9531108968798944
0.07353618741035461,0.06387808918952942,68.7088623046875,0.4829050302505493,0.000995009990004999,0.9521577859830145
0.08082747459411621,0.07118980586528778,5.12106990814209,0.48188328742980957,0.000995009990004999,0.9512056281970315
0.07545927166938782,0.06582561880350113,12.223471641540527,0.4816826283931732,0.000995009990004999,0.9502544225688344
0.07404275238513947,0.06437324732542038,43.447452545166016,0.4834751784801483,0.000994014980014994,0.9493041681462656
0.0869935154914856,0.07727059721946716,5.1939697265625,0.48614606261253357,0.000994014980014994,0.9483548639781193
0.07124566286802292,0.061453402042388916,3.882495880126953,0.4896131455898285,0.000994014980014994,0.9474065091141411
0.07343161106109619,0.0635470598936081,32.033687591552734,0.49422740936279297,0.000994014980014994,0.946459102605027
0.08212144672870636,0.07213500142097473,6.765036106109619,0.49932214617729187,0.000994014980014994,0.9455126435024219
0.07761111855506897,0.06751573085784912,2.2089102268218994,0.5047695636749268,0.000994014980014994,0.9445671308589195
0.0771665871143341,0.0669555813074112,25.651809692382812,0.510550320148468,0.000994014980014994,0.9436225637280606
0.07484627515077591,0.06452254951000214,14.939221382141113,0.5161861777305603,0.000994014980014994,0.9426789411643326
0.08410993218421936,0.0736866146326065,126.91399383544922,0.5211659669876099,0.000994014980014994,0.9417362622231683
0.06734128296375275,0.0568598173558712,1.3431836366653442,0.5240734815597534,0.000994014980014994,0.9407945259609451
0.0675312802195549,0.057063475251197815,5.987229824066162,0.5233904123306274,0.0009930209650349789,0.9398537314349842
0.0815739780664444,0.07119666785001755,6.806900501251221,0.518865704536438,0.0009930209650349789,0.9389138777035492
0.0642295777797699,0.053923822939395905,3.343705415725708,0.5152875781059265,0.0009930209650349789,0.9379749638258457
0.06995536386966705,0.059760063886642456,6.123827934265137,0.5097649693489075,0.0009930209650349789,0.9370369888620198
0.06328866630792618,0.05323552340269089,7.310923099517822,0.5026569962501526,0.0009930209650349789,0.9360999518731578
0.07105328887701035,0.06118299812078476,8.43456745147705,0.49351462721824646,0.0009930209650349789,0.9351638519212846
0.06705287843942642,0.0573914609849453,8.283334732055664,0.4830710291862488,0.0009930209650349789,0.9342286880693633
0.07106351107358932,0.06160664185881615,263.6353759765625,0.47284334897994995,0.0009930209650349789,0.933294459381294
0.05758194625377655,0.048331961035728455,3.060265064239502,0.46249920129776,0.0009930209650349789,0.9323611649219127
0.0693323090672493,0.06028425693511963,12.541369438171387,0.4524027705192566,0.0009930209650349789,0.9314288037569908
0.06664111465215683,0.05776403844356537,27.684890747070312,0.4438539147377014,0.0009920279440699439,0.9304973749532338
0.06810586899518967,0.05932432413101196,58.26554870605469,0.4390771985054016,0.0009920279440699439,0.9295668775782806
0.08681997656822205,0.0780337005853653,4.0935750007629395,0.43931400775909424,0.0009920279440699439,0.9286373107007023
0.06528118252754211,0.056410741060972214,3.6160879135131836,0.4435218870639801,0.0009920279440699439,0.9277086733900016
0.0684424340724945,0.05943235009908676,387.5864562988281,0.4505043029785156,0.0009920279440699439,0.9267809647166116
0.06556769460439682,0.056389980018138885,3.2111971378326416,0.45888572931289673,0.0009920279440699439,0.925854183751895
0.07336493581533432,0.06404784321784973,2.16286563873291,0.4658547341823578,0.0009920279440699439,0.9249283295681431
0.06505297869443893,0.05565488338470459,5.1886749267578125,0.4699048399925232,0.0009920279440699439,0.9240034012385749
0.07534492760896683,0.065824493765831,8.950912475585938,0.47602179646492004,0.0009920279440699439,0.9230793978373364
0.08155106753110886,0.07184581458568573,4.48084020614624,0.4852626621723175,0.0009920279440699439,0.9221563184394991
0.07878575474023819,0.0688612088561058,8.344758033752441,0.4962274134159088,0.0009910359161258739,0.9212341621210596
0.11713598668575287,0.10708987712860107,1.109432578086853,0.5023053884506226,0.0009910359161258739,0.9203129279589385
0.08389590680599213,0.07390010356903076,3.34027361869812,0.49979037046432495,0.0009910359161258739,0.9193926150309796
0.07239498198032379,0.06241993233561516,7.117940902709961,0.49875229597091675,0.0009910359161258739,0.9184732224159486
0.08186055719852448,0.07186661660671234,1.3910943269729614,0.499697208404541,0.0009910359161258739,0.9175547491935327
0.08054730296134949,0.07050755620002747,1.788568139076233,0.5019872188568115,0.0009910359161258739,0.9166371944443392
0.08879242092370987,0.07868572324514389,1.392980933189392,0.5053348541259766,0.0009910359161258739,0.9157205572498949
0.07855290174484253,0.06836617738008499,7.2076945304870605,0.5093362331390381,0.0009910359161258739,0.914804836692645
0.0760909840464592,0.06581910699605942,979.018310546875,0.5135937929153442,0.0009910359161258739,0.9138900318559524
0.07276500016450882,0.062406450510025024,24.369779586791992,0.5179276466369629,0.0009910359161258739,0.9129761418240965
0.06482985615730286,0.0543871745467186,10.425836563110352,0.5221341848373413,0.000990044880209748,0.9120631656822724
0.058231256902217865,0.047711070626974106,9.463072776794434,0.5260093212127686,0.000990044880209748,0.9111511025165902
0.05822896212339401,0.04764193296432495,63.429786682128906,0.529351532459259,0.000990044880209748,0.9102399514140735
0.06101708486676216,0.05037617310881615,20.831735610961914,0.5320456027984619,0.000990044880209748,0.9093297114626595
0.05794328451156616,0.04726290702819824,2.2512547969818115,0.5340189933776855,0.000990044880209748,0.9084203817511969
0.06051525101065636,0.04981058090925217,28.128929138183594,0.5352334976196289,0.000990044880209748,0.9075119613694457
0.059901587665081024,0.04918615147471428,56.944644927978516,0.535771906375885,0.000990044880209748,0.9066044494080763
0.06168588995933533,0.05096939951181412,40.25410842895508,0.5358245372772217,0.000990044880209748,0.9056978449586682
0.061314042657613754,0.05060522258281708,1.2884334325790405,0.5354410409927368,0.000990044880209748,0.9047921471137096
0.060976579785346985,0.050279781222343445,11.212766647338867,0.5348399877548218,0.000990044880209748,0.9038873549665959
0.05809330195188522,0.047411851584911346,10.664484977722168,0.5340726375579834,0.0009890548353295382,0.9029834676116293
0.059865497052669525,0.049201205372810364,40.84182357788086,0.5332146883010864,0.0009890548353295382,0.9020804841440176
0.05700135603547096,0.04635583609342575,5.8118672370910645,0.5322760343551636,0.0009890548353295382,0.9011784036598737
0.0531768724322319,0.0425507128238678,8.928584098815918,0.5313079357147217,0.0009890548353295382,0.9002772252562138
0.05221864953637123,0.0416121780872345,3.1830196380615234,0.5303236246109009,0.0009890548353295382,0.8993769480309576
0.05032829940319061,0.03974103555083275,19.442188262939453,0.5293630957603455,0.0009890548353295382,0.8984775710829266
0.05037106201052666,0.03980165719985962,10.239119529724121,0.5284702777862549,0.0009890548353295382,0.8975790935118436
0.047850966453552246,0.037298258394002914,0.5287590026855469,0.5276355147361755,0.0009890548353295382,0.8966815144183318
0.04582887142896652,0.03529251366853714,5.438571929931641,0.526817798614502,0.0009890548353295382,0.8957848329039134
0.04424339160323143,0.03372354805469513,20.433002471923828,0.5259921550750732,0.0009890548353295382,0.8948890480710096
0.0452868677675724,0.0347842313349247,20.425617218017578,0.5251318216323853,0.0009880657804942088,0.8939941590229386
0.04318980872631073,0.032706595957279205,13.38209056854248,0.5241605639457703,0.0009880657804942088,0.8931001648639156
0.0426785871386528,0.03221775218844414,673.25146484375,0.5230417251586914,0.0009880657804942088,0.8922070646990518
0.041564736515283585,0.03112966939806938,12.846665382385254,0.5217534303665161,0.0009880657804942088,0.8913148576343527
0.04129825904965401,0.03089124523103237,32.263065338134766,0.5203506350517273,0.0009880657804942088,0.8904235427767183
0.039365414530038834,0.0289902500808239,10.941454887390137,0.5187582969665527,0.0009880657804942088,0.8895331192339416
0.03976140171289444,0.02942151203751564,12.77464485168457,0.5169944763183594,0.0009880657804942088,0.8886435861147077
0.03839240223169327,0.028091125190258026,15.290779113769531,0.5150639414787292,0.0009880657804942088,0.887754942528593
0.03756839409470558,0.02730817347764969,19.949188232421875,0.5130109786987305,0.0009880657804942088,0.8868671875860644
0.0350322388112545,0.024814527481794357,1.780930757522583,0.5108855962753296,0.0009880657804942088,0.8859803203984784
0.03040776401758194,0.020233692601323128,131.0875244140625,0.5087035894393921,0.0009870777147137145,0.88509434007808
0.0297995638102293,0.019669678062200546,1357.38330078125,0.5064942836761475,0.0009870777147137145,0.8842092457380019
0.028930358588695526,0.018844986334443092,51.185386657714844,0.5042685866355896,0.0009870777147137145,0.8833250364922639
0.027302049100399017,0.017261182889342308,42.55031967163086,0.5020433664321899,0.0009870777147137145,0.8824417114557717
0.026721592992544174,0.016724899411201477,5.398797035217285,0.4998346269130707,0.0009870777147137145,0.8815592697443159
0.027236560359597206,0.017283840104937553,45.42284393310547,0.49763602018356323,0.0009870777147137145,0.8806777104745716
0.027270222082734108,0.01736215502023697,24.3513126373291,0.49540334939956665,0.0009870777147137145,0.8797970327640969
0.02742690220475197,0.01756400056183338,6.393896102905273,0.49314504861831665,0.0009870777147137145,0.8789172357313328
0.02593870274722576,0.01612144708633423,7.962804794311523,0.49086278676986694,0.0009870777147137145,0.8780383184956015
0.024538051337003708,0.014766308479011059,11.376119613647461,0.4885871112346649,0.0009870777147137145,0.8771602801771059
0.024976080283522606,0.015249140560626984,710.0916137695312,0.4863469898700714,0.0009860906369990009,0.8762831198969288
0.023723077028989792,0.014041358605027199,6.997302532196045,0.48408597707748413,0.0009860906369990009,0.8754068367770318
0.02387537807226181,0.01423819363117218,35.7293586730957,0.4818592071533203,0.0009860906369990009,0.8745314299402548
0.022805796936154366,0.013212552294135094,52.1379280090332,0.4796622395515442,0.0009860906369990009,0.8736568985103146
0.021985545754432678,0.012435680255293846,28.069244384765625,0.4774932265281677,0.0009860906369990009,0.8727832416118043
0.022517547011375427,0.013010971248149872,8.290532112121582,0.47532886266708374,0.0009860906369990009,0.8719104583701925
0.02302670106291771,0.013563016429543495,23.203208923339844,0.4731842577457428,0.0009860906369990009,0.8710385479118223
0.023397214710712433,0.013976606540381908,24.10005760192871,0.47103044390678406,0.0009860906369990009,0.8701675093639105
0.02156490460038185,0.012187732383608818,6.3320794105529785,0.4688586890697479,0.0009860906369990009,0.8692973418545467
0.020545508712530136,0.011211715638637543,13.043973922729492,0.4666896462440491,0.0009860906369990009,0.8684280445126921
0.019252251833677292,0.009961986914277077,7.184525489807129,0.46451321244239807,0.000985104546362002,0.8675596164681794
0.019897203892469406,0.010649604722857475,10.989724159240723,0.46237993240356445,0.000985104546362002,0.8666920568517111
0.01933644339442253,0.010130384936928749,30.12964630126953,0.4603028893470764,0.000985104546362002,0.8658253647948594
0.0197634007781744,0.010597373358905315,23.807592391967773,0.4583013653755188,0.000985104546362002,0.8649595394300645
0.020097414031624794,0.010969825088977814,25.276321411132812,0.4563794732093811,0.000985104546362002,0.8640945798906344
0.01971883699297905,0.01062795054167509,44.35395812988281,0.4545443654060364,0.000985104546362002,0.8632304853107438
0.02022576704621315,0.011170325800776482,19.86629867553711,0.4527720808982849,0.000985104546362002,0.862367254825433
0.01997184380888939,0.010950243100523949,12.15085220336914,0.4510800242424011,0.000985104546362002,0.8615048875706075
0.020454294979572296,0.011465157382190228,29.7912540435791,0.44945693016052246,0.000985104546362002,0.8606433826830369
0.020198486745357513,0.01124088279902935,27.046876907348633,0.44788026809692383,0.000985104546362002,0.8597827393003539
0.019691184163093567,0.01076431479305029,9.062152862548828,0.44634345173835754,0.00098411944181564,0.8589229565610536
0.019144991412758827,0.010248051956295967,23.855918884277344,0.4448469877243042,0.00098411944181564,0.8580640336044925
0.019185703247785568,0.01031795796006918,19.78268051147461,0.4433872103691101,0.00098411944181564,0.857205969570888
0.01790771633386612,0.00906859990209341,5.1756205558776855,0.4419558346271515,0.00098411944181564,0.8563487636013172
0.0185355544090271,0.009724987670779228,8.376897811889648,0.44052833318710327,0.00098411944181564,0.8554924148377159
0.018841460347175598,0.010059209540486336,7.646733283996582,0.4391125738620758,0.00098411944181564,0.8546369224228781
0.018394993618130684,0.00964080449193716,14.915180206298828,0.4377094507217407,0.00098411944181564,0.8537822855004553
0.018457209691405296,0.00973114836961031,35.09849166870117,0.4363030791282654,0.00098411944181564,0.8529285032149548
0.017616337165236473,0.0089184008538723,7.143381118774414,0.4348968267440796,0.00098411944181564,0.8520755747117399
0.01714468188583851,0.008475249633193016,7.082010269165039,0.4334716200828552,0.00098411944181564,0.8512234991370281
0.0174820926040411,0.0088410135358572,688.1153564453125,0.43205398321151733,0.0009831353223738242,0.8503722756378911
0.016520939767360687,0.007908111438155174,292.49884033203125,0.4306414723396301,0.0009831353223738242,0.8495219033622532
0.016409005969762802,0.007824375294148922,22.661828994750977,0.42923155426979065,0.0009831353223738242,0.8486723814588909
0.016212821006774902,0.007656037341803312,56.15904235839844,0.42783915996551514,0.0009831353223738242,0.847823709077432
0.016450025141239166,0.007920607924461365,35.53554153442383,0.4264708161354065,0.0009831353223738242,0.8469758853683546
0.016678739339113235,0.008175995200872421,7.640649318695068,0.4251372218132019,0.0009831353223738242,0.8461289094829862
0.015262486413121223,0.006785393692553043,5.1349992752075195,0.42385464906692505,0.0009831353223738242,0.8452827805735033
0.016116764396429062,0.007664559409022331,18.726423263549805,0.4226102828979492,0.0009831353223738242,0.8444374977929298
0.01587885618209839,0.007450779899954796,57.792449951171875,0.4214038848876953,0.0009831353223738242,0.8435930602951368
0.015773572027683258,0.007369039114564657,20.71596336364746,0.42022669315338135,0.0009831353223738242,0.8427494672348417
0.01578950136899948,0.007407613098621368,23.14385223388672,0.419094443321228,0.0009821521870514505,0.8419067177676068
0.015030898153781891,0.006670856382697821,20.484546661376953,0.4180021286010742,0.0009821521870514505,0.8410648110498392
0.015379136428236961,0.007040520664304495,41.33898162841797,0.41693082451820374,0.0009821521870514505,0.8402237462387894
0.015345211140811443,0.007027868181467056,45.09841537475586,0.4158671498298645,0.0009821521870514505,0.8393835224925505
0.014668881893157959,0.006372676696628332,13.512947082519531,0.4148102402687073,0.0009821521870514505,0.838544138970058
0.015001005493104458,0.006725559942424297,6.147751331329346,0.4137722849845886,0.0009821521870514505,0.8377055948310879
0.014643432572484016,0.006388645153492689,11.49780559539795,0.4127393364906311,0.0009821521870514505,0.8368678892362568
0.015120523050427437,0.006886201910674572,17.734107971191406,0.4117160439491272,0.0009821521870514505,0.8360310213470206
0.014738477766513824,0.006524566560983658,26.25005531311035,0.41069555282592773,0.0009821521870514505,0.8351949903256736
0.0145469531416893,0.006353625562041998,720.762939453125,0.40966635942459106,0.0009821521870514505,0.8343597953353479
0.014153114520013332,0.005980433896183968,564.9442138671875,0.4086340367794037,0.000981170034864399,0.8335254355400126
0.013771068304777145,0.005619090981781483,36.06779479980469,0.4075988531112671,0.000981170034864399,0.8326919101044725
0.013901416212320328,0.0057701109908521175,663.196533203125,0.40656524896621704,0.000981170034864399,0.831859218194368
0.014481041580438614,0.006370308808982372,67.26151275634766,0.4055366516113281,0.000981170034864399,0.8310273589761736
0.014374244958162308,0.0062837726436555386,62.02021789550781,0.4045235812664032,0.000981170034864399,0.8301963316171974
0.014024603180587292,0.005954112857580185,609.0004272460938,0.4035245478153229,0.000981170034864399,0.8293661352855802
0.014351723715662956,0.006300873588770628,12.627156257629395,0.4025425612926483,0.000981170034864399,0.8285367691502946
0.013324945233762264,0.005293319933116436,7.171075820922852,0.4015812575817108,0.000981170034864399,0.8277082323811443
0.013689360581338406,0.005676737055182457,538.5022583007812,0.4006311893463135,0.000981170034864399,0.8268805241487632
0.013435584492981434,0.005441755056381226,40.94514846801758,0.39969146251678467,0.000981170034864399,0.8260536436246144
0.013008123263716698,0.005033017136156559,19.766963958740234,0.3987553119659424,0.0009801888648295347,0.8252275899809898
0.01425219513475895,0.006295630242675543,150.0808868408203,0.39782822132110596,0.0009801888648295347,0.8244023623910088
0.013258654624223709,0.005320373922586441,4.302913665771484,0.3969140648841858,0.0009801888648295347,0.8235779600286178
0.012730902060866356,0.004811020102351904,10.775442123413086,0.39599406719207764,0.0009801888648295347,0.8227543820685892
0.013415060937404633,0.005513541400432587,254.92649841308594,0.3950759768486023,0.0009801888648295347,0.8219316276865206
0.01359486859291792,0.005711794830858707,48.156333923339844,0.3941537141799927,0.0009801888648295347,0.8211096960588341
0.0133427195250988,0.005477997474372387,55.89414978027344,0.39323610067367554,0.0009801888648295347,0.8202885863627752
0.013212067075073719,0.00536564365029335,654.1094970703125,0.3923211693763733,0.0009801888648295347,0.8194682977764125
0.013195519335567951,0.005367334000766277,1331.1832275390625,0.3914092779159546,0.0009801888648295347,0.818648829478636
0.013211975805461407,0.005402018781751394,7.222375392913818,0.3904978632926941,0.0009801888648295347,0.8178301806491574
0.013436254113912582,0.005644404329359531,14.278456687927246,0.3895925283432007,0.000979208675964705,0.8170123504685082
0.01284733321517706,0.005073450040072203,23.9156494140625,0.388694167137146,0.000979208675964705,0.8161953381180397
0.012655455619096756,0.004899546038359404,13.75899887084961,0.38779550790786743,0.000979208675964705,0.8153791427799216
0.01285039633512497,0.005112280137836933,10.69936466217041,0.38690581917762756,0.000979208675964705,0.8145637636371417
0.013103928416967392,0.005383453331887722,21.077302932739258,0.38602375984191895,0.000979208675964705,0.8137491998735046
0.013046713545918465,0.005343924276530743,14.710182189941406,0.38513949513435364,0.000979208675964705,0.812935450673631
0.012917354702949524,0.005232357885688543,10.645977020263672,0.38424983620643616,0.000979208675964705,0.8121225152229574
0.012704219669103622,0.005037012510001659,15.205071449279785,0.383360356092453,0.000979208675964705,0.8113103927077344
0.012940778397023678,0.005291095934808254,11.666329383850098,0.3824841380119324,0.000979208675964705,0.8104990823150267
0.013292225077748299,0.005659903399646282,44.828739166259766,0.38161611557006836,0.000979208675964705,0.8096885832327116
0.01271787192672491,0.005102823022753,18.978641510009766,0.38075244426727295,0.0009782294672887404,0.8088788946494789
0.012463121674954891,0.004865114577114582,6.644193649291992,0.37990036606788635,0.0009782294672887404,0.8080700157548294
0.012522153556346893,0.004940973594784737,13.204296112060547,0.3790590167045593,0.0009782294672887404,0.8072619457390746
0.012568116188049316,0.005003608763217926,20.342975616455078,0.3782253861427307,0.0009782294672887404,0.8064546837933355
0.012361198663711548,0.004813189152628183,28.94647216796875,0.3774004578590393,0.0009782294672887404,0.8056482291095421
0.012475777417421341,0.004944157786667347,10.226667404174805,0.37658101320266724,0.0009782294672887404,0.8048425808804326
0.011916346848011017,0.004400822799652815,4.858007431030273,0.3757762312889099,0.0009782294672887404,0.8040377382995522
0.011867356486618519,0.004367707297205925,9.120584487915039,0.37498247623443604,0.0009782294672887404,0.8032337005612527
0.012056373059749603,0.0045724064111709595,656.020263671875,0.374198317527771,0.0009782294672887404,0.8024304668606914
0.012379740364849567,0.004911256954073906,9.009363174438477,0.3734241724014282,0.0009782294672887404,0.8016280363938307
0.011816494166851044,0.004363256506621838,11.31303882598877,0.37266188859939575,0.0009772512378214517,0.8008264083574369
0.011383237317204475,0.003945190459489822,353.1673278808594,0.37190234661102295,0.0009772512378214517,0.8000255819490795
0.01142161712050438,0.003998748026788235,44.19554901123047,0.37114349007606506,0.0009772512378214517,0.7992255563671304
0.011490674689412117,0.004082971252501011,25.70476531982422,0.37038519978523254,0.0009772512378214517,0.7984263308107633
0.011998740956187248,0.0046061016619205475,318.99139404296875,0.3696320056915283,0.0009772512378214517,0.7976279044799526
0.01138327643275261,0.004005675204098225,9.681379318237305,0.36888009309768677,0.0009772512378214517,0.7968302765754727
0.01148019265383482,0.004117367323487997,11.787915229797363,0.3681412637233734,0.0009772512378214517,0.7960334462988972
0.011588100343942642,0.0042397393845021725,27.257152557373047,0.3674180507659912,0.0009772512378214517,0.7952374128525983
0.011630326509475708,0.0042961067520082,8.454747200012207,0.36671099066734314,0.0009772512378214517,0.7944421754397457
0.011131443083286285,0.0038111363537609577,314.3738098144531,0.36601531505584717,0.0009772512378214517,0.7936477332643059
0.01128641702234745,0.003979846369475126,68.05369567871094,0.36532852053642273,0.0009762739865836303,0.7928540855310416
0.010984898544847965,0.0036918334662914276,27.342914581298828,0.36465325951576233,0.0009762739865836303,0.7920612314455105
0.011080734431743622,0.0038010417483747005,8.332375526428223,0.363984614610672,0.0009762739865836303,0.7912691702140651
0.010699829086661339,0.003433296922594309,3.4799084663391113,0.3633266091346741,0.0009762739865836303,0.790477901043851
0.01134010311216116,0.004086517728865147,8.205586433410645,0.36267927289009094,0.0009762739865836303,0.7896874231428072
0.011004067026078701,0.0037630933802574873,35.55859375,0.3620486855506897,0.0009762739865836303,0.7888977357196644
0.011203903704881668,0.00397539185360074,738.474365234375,0.36142560839653015,0.0009762739865836303,0.7881088379839447
0.011042092926800251,0.0038260906003415585,5.456211090087891,0.3608001172542572,0.0009762739865836303,0.7873207291459607
0.01081414520740509,0.003610696643590927,21.023590087890625,0.36017245054244995,0.0009762739865836303,0.7865334084168147
0.01068039983510971,0.003489516209810972,1947.1134033203125,0.35954421758651733,0.0009762739865836303,0.7857468750083979
0.010960916988551617,0.003782691201195121,61.262306213378906,0.35891127586364746,0.0009752977125970467,0.7849611281333895
0.010775893926620483,0.003610426327213645,21.890302658081055,0.35827338695526123,0.0009752977125970467,0.784176167005256
0.010753418318927288,0.0036007086746394634,35.28949737548828,0.357635498046875,0.0009752977125970467,0.7833919908382508
0.010729813948273659,0.003589729545637965,31.42247772216797,0.35700422525405884,0.0009752977125970467,0.7826085988474126
0.01055844221264124,0.0034309285692870617,21.209758758544922,0.35637569427490234,0.0009752977125970467,0.7818259902485653
0.01087928656488657,0.0037644668482244015,11.748812675476074,0.3557409942150116,0.0009752977125970467,0.7810441642583167
0.010726619511842728,0.0036243554204702377,25.16730499267578,0.3551132082939148,0.0009752977125970467,0.7802631200940584
0.01065090298652649,0.003561138641089201,674.1903076171875,0.3544882535934448,0.0009752977125970467,0.7794828569739644
0.010588439181447029,0.003511185524985194,656.4685668945312,0.3538627028465271,0.0009752977125970467,0.7787033741169904
0.010284063406288624,0.0032190035562962294,23.939754486083984,0.35325297713279724,0.0009752977125970467,0.7779246707428734
0.010350920259952545,0.0032977615483105183,47.4326057434082,0.35265791416168213,0.0009743224148844496,0.7771467460721305
0.010268881916999817,0.003227387322112918,54.687381744384766,0.3520747423171997,0.0009743224148844496,0.7763695993260584
0.01044162455946207,0.003411494893953204,35.97313690185547,0.35150647163391113,0.0009743224148844496,0.7755932297267324
0.010858094319701195,0.003839165670797229,8.16767406463623,0.35094642639160156,0.0009743224148844496,0.7748176364970056
0.01034189946949482,0.0033340086229145527,0.3663027286529541,0.3503945469856262,0.0009743224148844496,0.7740428188605086
0.01032892893999815,0.0033318602945655584,69.7284164428711,0.3498534560203552,0.0009743224148844496,0.7732687760416481
0.010341553017497063,0.0033551882952451706,29.761768341064453,0.349318265914917,0.0009743224148844496,0.7724955072656065
0.010530507192015648,0.0035546168219298124,4.928589344024658,0.34879451990127563,0.0009743224148844496,0.7717230117583408
0.010258130729198456,0.003292660927399993,19.58356285095215,0.34827351570129395,0.0009743224148844496,0.7709512887465825
0.010110495612025261,0.003155304118990898,53.707420349121094,0.3477596044540405,0.0009743224148844496,0.7701803374578359
0.010263367556035519,0.0033186012879014015,37.44858169555664,0.34723833203315735,0.0009733480924695652,0.7694101571203781
0.010302833281457424,0.003368380246683955,17.64202308654785,0.34672266244888306,0.0009733480924695652,0.7686407469632577
0.010156717151403427,0.0032326034270226955,12.923863410949707,0.3462057113647461,0.0009733480924695652,0.7678721062162944
0.010075614787638187,0.003161878092214465,28.021421432495117,0.34568682312965393,0.0009733480924695652,0.7671042341100781
0.010361862368881702,0.003458588384091854,21.185861587524414,0.3451637029647827,0.0009733480924695652,0.766337129875968
0.010317441076040268,0.0034247334115207195,41.68731689453125,0.34463539719581604,0.0009733480924695652,0.7655707927460921
0.009984107688069344,0.0031019337475299835,21.914216995239258,0.3441087305545807,0.0009733480924695652,0.764805221953346
0.009748563170433044,0.0028768139891326427,13.706735610961914,0.3435874879360199,0.0009733480924695652,0.7640404167313927
0.010054323822259903,0.0031930003315210342,8.877364158630371,0.34306615591049194,0.0009733480924695652,0.7632763763146613
0.010171035304665565,0.0033201470505446196,14.710453033447266,0.34254443645477295,0.0009733480924695652,0.7625130999383466
0.010028908029198647,0.00318839936517179,704.422119140625,0.34202542901039124,0.0009723747443770956,0.7617505868384082
0.009950957261025906,0.0031208691652864218,113.93657684326172,0.34150442481040955,0.0009723747443770956,0.7609888362515699
0.00978515949100256,0.0029654509853571653,58.388118743896484,0.34098541736602783,0.0009723747443770956,0.7602278474153183
0.009794816374778748,0.0029853559099137783,4.803264617919922,0.3404730558395386,0.0009723747443770956,0.759467619567903
0.009881867095828056,0.00308239902369678,44.28548812866211,0.3399733901023865,0.0009723747443770956,0.7587081519483351
0.010039523243904114,0.003249657806009054,34.27379608154297,0.3394932746887207,0.0009723747443770956,0.7579494437963867
0.009968488477170467,0.0031880668830126524,79.02759552001953,0.33902108669281006,0.0009723747443770956,0.7571914943525904
0.009943511337041855,0.003172433702275157,61.5910530090332,0.33855387568473816,0.0009723747443770956,0.7564343028582378
0.009393185377120972,0.002631296869367361,15.73766040802002,0.33809441328048706,0.0009723747443770956,0.7556778685553796
0.009742176160216331,0.002989448606967926,11.947623252868652,0.33763641119003296,0.0009723747443770956,0.7549221906868242
0.009656572714447975,0.002913000760599971,663.8075561523438,0.3371785879135132,0.0009714023696327184,0.7541672684961374
0.00950563047081232,0.0027710944414138794,47.286808013916016,0.3367268145084381,0.0009714023696327184,0.7534131012276413
0.009461602196097374,0.0027360175736248493,32.69050216674805,0.3362792730331421,0.0009714023696327184,0.7526596881264136
0.009464170783758163,0.0027475147508084774,26.105026245117188,0.33583277463912964,0.0009714023696327184,0.7519070284382872
0.009787499904632568,0.0030797808431088924,16.17426109313965,0.3353859782218933,0.0009714023696327184,0.7511551214098489
0.009445508942008018,0.0027465922757983208,13.149301528930664,0.3349458575248718,0.0009714023696327184,0.750403966288439
0.009649508632719517,0.0029594830702990294,39.29486083984375,0.3345012664794922,0.0009714023696327184,0.7496535623221505
0.00980820320546627,0.003127139061689377,61.68280792236328,0.33405324816703796,0.0009714023696327184,0.7489039087598284
0.009440449997782707,0.0027682636864483356,341.6084899902344,0.33360934257507324,0.0009714023696327184,0.7481550048510686
0.009579516015946865,0.002916220109909773,18.800121307373047,0.3331648111343384,0.0009714023696327184,0.7474068498462175
0.009579924866557121,0.0029254108667373657,11.152939796447754,0.33272573351860046,0.0009704309672630857,0.7466594429963713
0.009641539305448532,0.002995625138282776,33.63909149169922,0.3322957158088684,0.0009704309672630857,0.745912783553375
0.00965902954339981,0.0030216702725738287,14.42991828918457,0.3318679928779602,0.0009704309672630857,0.7451668707698216
0.009492333978414536,0.002863362431526184,24.80599021911621,0.33144861459732056,0.0009704309672630857,0.7444217038990517
0.009266979061067104,0.0026463293470442295,22.153432846069336,0.33103248476982117,0.0009704309672630857,0.7436772821951526
0.009420040994882584,0.0028076404705643654,37.255279541015625,0.33062005043029785,0.0009704309672630857,0.7429336049129575
0.009194960817694664,0.0025906707160174847,496.8720397949219,0.3302145004272461,0.0009704309672630857,0.7421906713080445
0.009178102016448975,0.002582006622105837,7.86907958984375,0.32980477809906006,0.0009704309672630857,0.7414484806367364
0.009285219013690948,0.0026972598861902952,6.0330810546875,0.329397976398468,0.0009704309672630857,0.7407070321560997
0.009320332668721676,0.0027403654530644417,17.956785202026367,0.3289983570575714,0.0009704309672630857,0.7399663251239436
0.009215463884174824,0.002643394051119685,15.977917671203613,0.32860350608825684,0.0009694605362958226,0.7392263587988196
0.009351990185678005,0.002787728561088443,2.950017213821411,0.328213095664978,0.0009694605362958226,0.7384871324400207
0.009293744340538979,0.0027372706681489944,18.265775680541992,0.3278236985206604,0.0009694605362958226,0.7377486453075807
0.009504729881882668,0.0029560416005551815,16.3211612701416,0.3274344503879547,0.0009694605362958226,0.737010896662273
0.009567886590957642,0.0030269785784184933,28.73005485534668,0.32704538106918335,0.0009694605362958226,0.7362738857656108
0.009174195118248463,0.002641030354425311,3.4497241973876953,0.3266582489013672,0.0009694605362958226,0.7355376118798452
0.009269710630178452,0.0027441016864031553,8.814126968383789,0.32628047466278076,0.0009694605362958226,0.7348020742679654
0.00917364377528429,0.0026555180083960295,14.268016815185547,0.32590630650520325,0.0009694605362958226,0.7340672721936974
0.008881689980626106,0.0023709263186901808,8.896095275878906,0.32553818821907043,0.0009694605362958226,0.7333332049215037
0.009091030806303024,0.002587480703368783,3.340071678161621,0.32517749071121216,0.0009694605362958226,0.7325998717165821
0.009020238183438778,0.002523817354813218,5.167129993438721,0.3248210549354553,0.0009684910757595268,0.7318672718448656
0.008956325240433216,0.002467020647600293,5.005424499511719,0.32446524500846863,0.0009684910757595268,0.7311354045730207
0.00892690010368824,0.002444691024720669,654.9236450195312,0.3241104483604431,0.0009684910757595268,0.7304042691684477
0.008916078135371208,0.0024409713223576546,17.68973731994629,0.3237553536891937,0.0009684910757595268,0.7296738648992792
0.00873809214681387,0.002270161872729659,1.1673998832702637,0.3233965039253235,0.0009684910757595268,0.7289441910343799
0.009208744391798973,0.0027479405980557203,204.57437133789062,0.3230402171611786,0.0009684910757595268,0.7282152468433455
0.008872073143720627,0.0024183345958590508,5.867593288421631,0.32268691062927246,0.0009684910757595268,0.7274870315965022
0.008825233206152916,0.0023783354554325342,671.8681640625,0.32234489917755127,0.0009684910757595268,0.7267595445649057
0.009008134715259075,0.0025679878890514374,510.583251953125,0.32200735807418823,0.0009684910757595268,0.7260327850203407
0.008905909955501556,0.002472344320267439,8.727691650390625,0.3216782808303833,0.0009684910757595268,0.7253067522353204
0.00874380860477686,0.0023167598992586136,8.871194839477539,0.32135245203971863,0.0009675225846837673,0.724581445483085
0.008868606761097908,0.0024480288848280907,12.560853004455566,0.3210289180278778,0.0009675225846837673,0.723856864037602
0.00894551258534193,0.0025311678182333708,16.90662384033203,0.3207172453403473,0.0009675225846837673,0.7231330071735643
0.008746325969696045,0.0023381898645311594,3.979309320449829,0.32040679454803467,0.0009675225846837673,0.7224098741663908
0.008727114647626877,0.0023250854574143887,6.932916641235352,0.3201014995574951,0.0009675225846837673,0.7216874642922244
0.008889393880963326,0.002493457403033972,8.653072357177734,0.3197968006134033,0.0009675225846837673,0.7209657768279322
0.008932319469749928,0.0025424333289265633,4.190715312957764,0.3194943070411682,0.0009675225846837673,0.7202448110511043
0.008716810494661331,0.0023329497780650854,4.997628688812256,0.3191930651664734,0.0009675225846837673,0.7195245662400531
0.009033161215484142,0.0026552972849458456,1.8867542743682861,0.3188931941986084,0.0009675225846837673,0.7188050416738131
0.008616909384727478,0.002245078794658184,1.599115014076233,0.31859150528907776,0.0009675225846837673,0.7180862366321393
0.008856866508722305,0.0024910892825573683,4.105195045471191,0.3182888627052307,0.0009665550620990835,0.7173681503955072
0.00870561134070158,0.0023458620999008417,7.345434188842773,0.31798747181892395,0.0009665550620990835,0.7166507822451117
0.008612258359789848,0.0022584907710552216,4.77992057800293,0.3176884055137634,0.0009665550620990835,0.7159341314628666
0.008285729214549065,0.001937901834025979,0.9515681862831116,0.31739139556884766,0.0009665550620990835,0.7152181973314037
0.008673859760165215,0.0023318524472415447,1.8535574674606323,0.3171003460884094,0.0009665550620990835,0.7145029791340722
0.00869541335850954,0.0023591017816215754,5.755582332611084,0.316815584897995,0.0009665550620990835,0.7137884761549381
0.008662870153784752,0.0023321383632719517,3.687603712081909,0.3165366053581238,0.0009665550620990835,0.7130746876787832
0.008424917235970497,0.0020997184328734875,2.4374725818634033,0.3162599205970764,0.0009665550620990835,0.7123616129911045
0.00847537349909544,0.002155713737010956,1.7042700052261353,0.31598299741744995,0.0009665550620990835,0.7116492513781133
0.008331318385899067,0.0020171639043837786,5.020855903625488,0.3157077431678772,0.0009665550620990835,0.7109376021267352
0.00822672713547945,0.001918102498166263,4.420243263244629,0.31543126702308655,0.0009655885070369844,0.7102266645246085
0.008683379739522934,0.002380283549427986,1.8894137144088745,0.3151548504829407,0.0009655885070369844,0.7095164378600839
0.008668646216392517,0.0023711170069873333,0.5135106444358826,0.3148764967918396,0.0009655885070369844,0.7088069214222238
0.00830758921802044,0.002015739679336548,1.1287685632705688,0.31459248065948486,0.0009655885070369844,0.7080981145008015
0.008088434115052223,0.0018022521398961544,1.7999846935272217,0.31430912017822266,0.0009655885070369844,0.7073900163863007
0.008649044670164585,0.0023686299100518227,0.6896714568138123,0.3140207529067993,0.0009655885070369844,0.7066826263699144
0.008335521444678307,0.0020609241910278797,2.2214834690093994,0.3137298822402954,0.0009655885070369844,0.7059759437435444
0.008606511168181896,0.002337712561711669,5.40776252746582,0.3134399354457855,0.0009655885070369844,0.7052699677998009
0.008186854422092438,0.001923742238432169,9.30826187133789,0.3131555914878845,0.0009655885070369844,0.704564697832001
0.008314957842230797,0.002057401929050684,11.54798412322998,0.3128778040409088,0.0009655885070369844,0.7038601331341691
0.008335758931934834,0.0020836691837757826,4.950092792510986,0.31260448694229126,0.0009646229185299475,0.7031562730010349
0.008259007707238197,0.0020123315043747425,3.3589072227478027,0.3123337924480438,0.0009646229185299475,0.7024531167280339
0.008331583812832832,0.0020901893731206656,2.6283605098724365,0.31206971406936646,0.0009646229185299475,0.7017506636113059
0.008233049884438515,0.0019968885462731123,36.84598159790039,0.3118080794811249,0.0009646229185299475,0.7010489129476946
0.008065658621490002,0.001834676368162036,26.981828689575195,0.3115491271018982,0.0009646229185299475,0.7003478640347469
0.00822838768362999,0.0020025847479701042,469.6654968261719,0.3112901747226715,0.0009646229185299475,0.6996475161707122
0.008310463279485703,0.002089928602799773,4.3058319091796875,0.3110267221927643,0.0009646229185299475,0.6989478686545415
0.008236849680542946,0.0020216514822095633,11.881396293640137,0.31075990200042725,0.0009646229185299475,0.698248920785887
0.007912919856607914,0.0017030228627845645,4.306120872497559,0.3104948401451111,0.0009646229185299475,0.6975506718651011
0.007999460212886333,0.001794841606169939,13.760339736938477,0.31023094058036804,0.0009646229185299475,0.6968531211932361
0.008139651268720627,0.001940310001373291,6.339191436767578,0.309967041015625,0.0009636582956114176,0.6961562680720428
0.00801097322255373,0.001816893694922328,1.9259905815124512,0.3097040057182312,0.0009636582956114176,0.6954601118039707
0.008012877777218819,0.0018240204080939293,6.45841646194458,0.3094428777694702,0.0009636582956114176,0.6947646516921667
0.007854367606341839,0.001670685363933444,6.4263763427734375,0.30918413400650024,0.0009636582956114176,0.6940698870404746
0.007829544134438038,0.0016509429551661015,1.8975639343261719,0.30893006920814514,0.0009636582956114176,0.6933758171534341
0.008000818081200123,0.0018273050663992763,2.547285318374634,0.3086756765842438,0.0009636582956114176,0.6926824413362807
0.007958795875310898,0.0017903572879731655,1.813122034072876,0.3084219694137573,0.0009636582956114176,0.6919897588949444
0.008053752593696117,0.0018903464078903198,0.16413621604442596,0.3081703186035156,0.0009636582956114176,0.6912977691360495
0.0080560939386487,0.0018977209692820907,3.5113110542297363,0.3079186677932739,0.0009636582956114176,0.6906064713669134
0.008094473741948605,0.0019411280518397689,1.2165359258651733,0.3076673150062561,0.0009636582956114176,0.6899158648955466
0.007814213633537292,0.0016658827662467957,2.6883537769317627,0.30741655826568604,0.0009626946373158062,0.689225949030651
0.007890027947723866,0.0017466297140344977,5.519275188446045,0.30716994404792786,0.0009626946373158062,0.6885367230816204
0.008003458380699158,0.0018648800905793905,2.364455223083496,0.30692893266677856,0.0009626946373158062,0.6878481863585387
0.007784242741763592,0.001650455640628934,0.5345736742019653,0.30668938159942627,0.0009626946373158062,0.6871603381721801
0.00793048832565546,0.001801414298824966,3.7888500690460205,0.3064537048339844,0.0009626946373158062,0.686473177834008
0.007941629737615585,0.0018172571435570717,3.2157249450683594,0.30621862411499023,0.0009626946373158062,0.685786704656174
0.007878066971898079,0.0017583620501682162,664.027099609375,0.3059852421283722,0.0009626946373158062,0.6851009179515178
0.007974797859787941,0.0018597000744193792,2.065369129180908,0.3057548999786377,0.0009626946373158062,0.6844158170335664
0.007671953644603491,0.0015612983843311667,1.0108462572097778,0.3055327534675598,0.0009626946373158062,0.6837314012165328
0.00790071114897728,0.0017944204155355692,1.5209206342697144,0.3053145408630371,0.0009626946373158062,0.6830476698153162
0.008210094645619392,0.002108100801706314,251.81024169921875,0.3050996661186218,0.0009617319426784903,0.6823646221455009
0.007827214896678925,0.001729416660964489,2.3000617027282715,0.30488988757133484,0.0009617319426784903,0.6816822575233553
0.007918402552604675,0.0018247038824483752,6.812747001647949,0.30468493700027466,0.0009617319426784903,0.6810005752658319
0.008058043196797371,0.0019684042781591415,1.945799708366394,0.3044819235801697,0.0009617319426784903,0.680319574690566
0.008045196533203125,0.0019595278427004814,1.3922566175460815,0.3042834401130676,0.0009617319426784903,0.6796392551158754
0.008105015382170677,0.0020232079550623894,1.7579823732376099,0.30409038066864014,0.0009617319426784903,0.6789596158607596
0.008014259859919548,0.001936213462613523,2.584284782409668,0.3039023280143738,0.0009617319426784903,0.6782806562448989
0.008108732290565968,0.0020342827774584293,2.7568540573120117,0.30372247099876404,0.0009617319426784903,0.677602375588654
0.007928229868412018,0.0018571934197098017,1.0282208919525146,0.3035518229007721,0.0009617319426784903,0.6769247732130653
0.008212513290345669,0.0021446815226227045,0.7556555271148682,0.30339157581329346,0.0009617319426784903,0.6762478484398523
0.008260244503617287,0.002195425098761916,1.6111632585525513,0.30324095487594604,0.0009607702107358118,0.6755716005914124
0.008094685152173042,0.002032673452049494,2.9461185932159424,0.3031006157398224,0.0009607702107358118,0.674896028990821
0.008115798234939575,0.002056386787444353,2.8502449989318848,0.3029705584049225,0.0009607702107358118,0.6742211329618302
0.008043456822633743,0.0019864789210259914,1.7362449169158936,0.3028488755226135,0.0009607702107358118,0.6735469118288684
0.008160257712006569,0.002105545252561569,675.91064453125,0.30273565649986267,0.0009607702107358118,0.6728733649170395
0.007999487221240997,0.0019469612743705511,0.5059493184089661,0.30262628197669983,0.0009607702107358118,0.6722004915521225
0.008020726032555103,0.001970293466001749,2.8839986324310303,0.30252164602279663,0.0009607702107358118,0.6715282910605703
0.007997442968189716,0.0019490130944177508,4.56814432144165,0.302421510219574,0.0009607702107358118,0.6708567627695098
0.008049972355365753,0.0020035146735608578,6.237029075622559,0.3023229241371155,0.0009607702107358118,0.6701859060067403
0.007830741815268993,0.0017863133689388633,3.219839334487915,0.302221417427063,0.0009607702107358118,0.6695157201007336
0.007964001037180424,0.0019216736545786262,5.724915504455566,0.30211639404296875,0.000959809440525076,0.6688462043806328
0.007612618152052164,0.0015726349083706737,2.0100443363189697,0.30199915170669556,0.000959809440525076,0.6681773581762521
0.007657562382519245,0.0016201100079342723,658.9752197265625,0.3018726110458374,0.000959809440525076,0.6675091808180759
0.007876499556005001,0.0018419524421915412,2.923198938369751,0.3017273545265198,0.000959809440525076,0.6668416716372578
0.007950998842716217,0.0019197998335584998,7.730591297149658,0.3015599846839905,0.000959809440525076,0.6661748299656206
0.007954495958983898,0.0019271678756922483,14.21036434173584,0.3013664186000824,0.000959809440525076,0.6655086551356549
0.007937688380479813,0.001914731226861477,642.4173583984375,0.30114784836769104,0.000959809440525076,0.6648431464805192
0.008136570453643799,0.0021184850484132767,5.736490726470947,0.3009043037891388,0.000959809440525076,0.6641783033340387
0.007942808791995049,0.0019300116691738367,1.0569708347320557,0.3006398677825928,0.000959809440525076,0.6635141250307047
0.0077641429379582405,0.0017569235060364008,0.6156222224235535,0.3003609776496887,0.000959809440525076,0.662850610905674
0.007742967456579208,0.0017415484180673957,12.817607879638672,0.30007094144821167,0.0009588496310845509,0.6621877602947683
0.007701363414525986,0.0017058390658348799,1.539704442024231,0.29977622628211975,0.0009588496310845509,0.6615255725344735
0.00785598810762167,0.0018663173541426659,3.3523576259613037,0.2994835376739502,0.0009588496310845509,0.660864046961939
0.007764243520796299,0.0017802988877519965,17.81253433227539,0.2991972267627716,0.0009588496310845509,0.660203182914977
0.007686486467719078,0.00170813943259418,10.806219100952148,0.29891735315322876,0.0009588496310845509,0.6595429797320621
0.007783879525959492,0.0018109006341546774,1.1532078981399536,0.2986489534378052,0.0009588496310845509,0.6588834367523301
0.00797263439744711,0.002004811307415366,24.55463409423828,0.2983911633491516,0.0009588496310845509,0.6582245533155777
0.007580142002552748,0.0016172303585335612,193.2854461669922,0.298145592212677,0.0009588496310845509,0.6575663287622622
0.007548903115093708,0.0015906940679997206,1272.967529296875,0.2979104518890381,0.0009588496310845509,0.6569087624334999
0.007706812117248774,0.001753107993863523,29.5313720703125,0.2976852059364319,0.0009588496310845509,0.6562518536710664
0.00770960096269846,0.0017602862790226936,40.9229736328125,0.2974657416343689,0.0009578907814534664,0.6555956018173954
0.007551287766546011,0.0016061943024396896,12.094409942626953,0.29725468158721924,0.0009578907814534664,0.654940006215578
0.0075097037479281425,0.0015686934348195791,2.873115301132202,0.2970505356788635,0.0009578907814534664,0.6542850662093624
0.007540883030742407,0.0016038123285397887,13.404376983642578,0.29685354232788086,0.0009578907814534664,0.6536307811431531
0.00766131654381752,0.0017280566971749067,572.5772094726562,0.2966630160808563,0.0009578907814534664,0.65297715036201
0.0074560269713401794,0.0015264686662703753,1.3147403001785278,0.29647791385650635,0.0009578907814534664,0.6523241732116479
0.007514281198382378,0.0015883625019341707,4.576726913452148,0.2962959408760071,0.0009578907814534664,0.6516718490384363
0.007376748137176037,0.0014545030426234007,0.2873765230178833,0.2961122393608093,0.0009578907814534664,0.6510201771893979
0.007298537064343691,0.0013799630105495453,669.482177734375,0.2959287166595459,0.0009578907814534664,0.6503691570122084
0.007531232666224241,0.001616356777958572,263.90142822265625,0.29574379324913025,0.0009578907814534664,0.6497187878551962
0.0074552446603775024,0.001544071128591895,12.513833999633789,0.2955586910247803,0.0009569328906720129,0.649069069067341
0.00765599962323904,0.0017485367134213448,8.580606460571289,0.2953731417655945,0.0009569328906720129,0.6484199999982736
0.007643758784979582,0.0017400503857061267,9.434799194335938,0.2951854169368744,0.0009569328906720129,0.6477715799982753
0.0074017783626914024,0.0015018635895103216,2.656503200531006,0.2949957549571991,0.0009569328906720129,0.647123808418277
0.007588870823383331,0.0016927530523389578,4.633338928222656,0.2948058843612671,0.0009569328906720129,0.6464766846098587
0.007536568213254213,0.0016442531486973166,14.656892776489258,0.2946157455444336,0.0009569328906720129,0.6458302079252489
0.007417577784508467,0.0015290966257452965,7.119480609893799,0.29442405700683594,0.0009569328906720129,0.6451843777173236
0.007362658157944679,0.001478114165365696,3.7118349075317383,0.2942272126674652,0.0009569328906720129,0.6445391933396063
0.007382792420685291,0.0015022645238786936,7.595944404602051,0.2940264046192169,0.0009569328906720129,0.6438946541462667
0.007518891245126724,0.001642425893805921,4.974241733551025,0.2938232719898224,0.0009569328906720129,0.6432507594921204
0.00752033106982708,0.001647974131628871,11.986327171325684,0.293617844581604,0.0009559759577813409,0.6426075087326283
0.007365257013589144,0.0014969762414693832,448.8062438964844,0.29341405630111694,0.0009559759577813409,0.6419649012238956
0.007530079688876867,0.0016658436506986618,0.30543509125709534,0.29321181774139404,0.0009559759577813409,0.6413229363226717
0.007298673503100872,0.0014384383102878928,7.906559467315674,0.29301175475120544,0.0009559759577813409,0.640681613386349
0.007356281392276287,0.0014999229460954666,9.517645835876465,0.2928179204463959,0.0009559759577813409,0.6400409317729626
0.007182597182691097,0.001330068102106452,1.5833978652954102,0.29262644052505493,0.0009559759577813409,0.6394008908411897
0.00741225853562355,0.0015635087620466948,3.182607650756836,0.29243749380111694,0.0009559759577813409,0.6387614899503485
0.007568781729787588,0.001723756082355976,11.892609596252441,0.2922512888908386,0.0009559759577813409,0.6381227284603982
0.007213223725557327,0.0013719191774725914,184.84066772460938,0.29206523299217224,0.0009559759577813409,0.6374846057319378
0.007363679353147745,0.0015260506188496947,2.9064409732818604,0.2918814420700073,0.0009559759577813409,0.6368471211262058
0.007212687283754349,0.0013786632334813476,2.5250024795532227,0.29170119762420654,0.0009550199818235595,0.6362102740050796
0.00725981779396534,0.001429324853233993,2.7940902709960938,0.29152464866638184,0.0009550199818235595,0.6355740637310745
0.00729670375585556,0.0014696599682793021,645.0354614257812,0.29135218262672424,0.0009550199818235595,0.6349384896673435
0.007381287403404713,0.001557629439048469,4.736203193664551,0.29118290543556213,0.0009550199818235595,0.6343035511776761
0.007149761077016592,0.0013293949887156487,3.775083541870117,0.2910183072090149,0.0009550199818235595,0.6336692476264985
0.007343030534684658,0.0015259122010320425,5.871988773345947,0.29085591435432434,0.0009550199818235595,0.6330355783788719
0.00741304038092494,0.0015991426771506667,10.774457931518555,0.2906948924064636,0.0009550199818235595,0.632402542800493
0.007224583066999912,0.0014139043632894754,4.446407318115234,0.29053395986557007,0.0009550199818235595,0.6317701402576925
0.00700835045427084,0.0012008731719106436,3.528730630874634,0.29037389159202576,0.0009550199818235595,0.6311383701174348
0.007082084659487009,0.001277754083275795,10.8667631149292,0.2902165353298187,0.0009550199818235595,0.6305072317473174
0.00732848048210144,0.0015272967284545302,2.1635591983795166,0.2900591790676117,0.0009540649618417359,0.6298767245155701
0.007252691313624382,0.0014545973390340805,2.3258626461029053,0.28990471363067627,0.0009540649618417359,0.6292468477910546
0.007292106281965971,0.0014970734482631087,1.203036904335022,0.28975164890289307,0.0009540649618417359,0.6286176009432635
0.007251312956213951,0.0014592926017940044,26.829078674316406,0.28960102796554565,0.0009540649618417359,0.6279889833423202
0.007175765931606293,0.0013867351226508617,10.109704971313477,0.289451539516449,0.0009540649618417359,0.6273609943589779
0.007141478359699249,0.0013554220786318183,24.924457550048828,0.2893028259277344,0.0009540649618417359,0.6267336333646188
0.007241805549710989,0.0014586984179913998,22.77250862121582,0.28915536403656006,0.0009540649618417359,0.6261068997312542
0.0070221275091171265,0.0012419011909514666,2.2797858715057373,0.28901129961013794,0.0009540649618417359,0.6254807928315229
0.007040683180093765,0.0012633339501917362,3.340036153793335,0.2888674736022949,0.0009540649618417359,0.6248553120386914
0.007136926520615816,0.0013624596176669002,10.313633918762207,0.288723349571228,0.0009540649618417359,0.6242304567266527
0.007135915569961071,0.0013642935082316399,15.988348007202148,0.28858110308647156,0.0009531108968798942,0.623606226269926
0.007107378914952278,0.0013385636266320944,1308.8978271484375,0.2884407937526703,0.0009531108968798942,0.6229826200436561
0.0070623671635985374,0.001296328380703926,9.406023025512695,0.288301944732666,0.0009531108968798942,0.6223596374236124
0.007075244560837746,0.0013119797222316265,28.54888153076172,0.2881632447242737,0.0009531108968798942,0.6217372777861888
0.006907000672072172,0.0011465352727100253,326.2435607910156,0.2880232632160187,0.0009531108968798942,0.6211155405084027
0.007009304128587246,0.0012516113929450512,6.261600494384766,0.2878846526145935,0.0009531108968798942,0.6204944249678943
0.007085853256285191,0.0013308798661455512,8.472403526306152,0.28774866461753845,0.0009531108968798942,0.6198739305429264
0.007148985285311937,0.0013967257691547275,669.4611206054688,0.2876129746437073,0.0009531108968798942,0.6192540566123834
0.006956706289201975,0.0012071136152371764,5.515186786651611,0.2874796390533447,0.0009531108968798942,0.6186348025557711
0.006901334971189499,0.0011543745640665293,17.343891143798828,0.28734803199768066,0.0009531108968798942,0.6180161677532153
0.007050910033285618,0.0013065481325611472,678.7810668945312,0.2872180938720703,0.0009521577859830143,0.6173981515854621
0.0069768475368618965,0.00123502966016531,635.975341796875,0.28709089756011963,0.0009521577859830143,0.6167807534338766
0.006855284795165062,0.0011159402783960104,33.074562072753906,0.2869672477245331,0.0009521577859830143,0.6161639726804428
0.007036371156573296,0.0012994699645787477,12.743574142456055,0.28684505820274353,0.0009521577859830143,0.6155478087077623
0.006981890182942152,0.0012473954120650887,23.3913516998291,0.2867247462272644,0.0009521577859830143,0.6149322608990545
0.0069610346108675,0.001228933921083808,1357.3052978515625,0.28660503029823303,0.0009521577859830143,0.6143173286381555
0.007032717112451792,0.0013029896654188633,5.111081123352051,0.2864863872528076,0.0009521577859830143,0.6137030113095173
0.006909334100782871,0.0011819570790976286,2.110670804977417,0.28636884689331055,0.0009521577859830143,0.6130893082982078
0.006912455428391695,0.0011873909970745444,1.0862380266189575,0.2862532138824463,0.0009521577859830143,0.6124762189899097
0.007062889635562897,0.0013401024043560028,1.437398076057434,0.2861393690109253,0.0009521577859830143,0.6118637427709198
0.007121215108782053,0.0014006303390488029,1297.12353515625,0.28602924942970276,0.0009512056281970313,0.6112518790281489
0.0070107802748680115,0.0012923080939799547,12.910792350769043,0.28592362999916077,0.0009512056281970313,0.6106406271491208
0.006934310309588909,0.001217834884300828,20.717395782470703,0.2858237624168396,0.0009512056281970313,0.6100299865219717
0.00700467498973012,0.0012900069123134017,22.377506256103516,0.2857334017753601,0.0009512056281970313,0.6094199565354498
0.0070263538509607315,0.001313289045356214,10.39142894744873,0.2856532335281372,0.0009512056281970313,0.6088105365789144
0.00720718689262867,0.0014955035876482725,6.558640480041504,0.2855841815471649,0.0009512056281970313,0.6082017260423355
0.007288774475455284,0.0015783183043822646,21.09320068359375,0.28552281856536865,0.0009512056281970313,0.6075935243162931
0.007052987813949585,0.001343685551546514,6.534517288208008,0.2854651212692261,0.0009512056281970313,0.6069859307919768
0.0072433603927493095,0.0015351612819358706,6.188105583190918,0.28540995717048645,0.0009512056281970313,0.6063789448611848
0.007350602652877569,0.001643303781747818,6.576821804046631,0.28536495566368103,0.0009512056281970313,0.6057725659163237
0.00731173250824213,0.0016051451675593853,7.482301235198975,0.2853293716907501,0.0009502544225688343,0.6051667933504074
0.0074088675901293755,0.0017027303110808134,6.400267601013184,0.2853068709373474,0.0009502544225688343,0.6045616265570569
0.007453532423824072,0.0017474805936217308,3.3221654891967773,0.28530260920524597,0.0009502544225688343,0.6039570649304998
0.007514244876801968,0.0018077821005135775,668.2040405273438,0.2853231430053711,0.0009502544225688343,0.6033531078655693
0.007743392139673233,0.0020357980392873287,26.30815315246582,0.28537970781326294,0.0009502544225688343,0.6027497547577038
0.007920397445559502,0.0022111977450549603,480.42022705078125,0.2854599952697754,0.0009502544225688343,0.602147005002946
0.007847304455935955,0.0021363510750234127,20.273317337036133,0.28554767370224,0.0009502544225688343,0.6015448579979431
0.007878785021603107,0.002166179707273841,647.3431396484375,0.2856302857398987,0.0009502544225688343,0.6009433131399452
0.007943090051412582,0.002229205798357725,19.246553421020508,0.2856942117214203,0.0009502544225688343,0.6003423698268052
0.007856813259422779,0.002142106182873249,22.38857650756836,0.2857353687286377,0.0009502544225688343,0.5997420274569785
0.007775719277560711,0.0020604501478374004,17.837142944335938,0.2857634723186493,0.0009493041681462655,0.5991422854295215
0.007912421599030495,0.0021966956555843353,16.366308212280273,0.28578630089759827,0.0009493041681462655,0.598543143144092
0.007839323952794075,0.0021233991719782352,20.275917053222656,0.28579622507095337,0.0009493041681462655,0.5979446000009478
0.008044006302952766,0.002328191651031375,6.983924865722656,0.28579074144363403,0.0009493041681462655,0.5973466554009469
0.007756098173558712,0.0020405235700309277,26.454914093017578,0.2857787311077118,0.0009493041681462655,0.596749308745546
0.007853683084249496,0.002138457726687193,1.6373751163482666,0.285761296749115,0.0009493041681462655,0.5961525594368005
0.007821970619261265,0.0021072044037282467,34.59070587158203,0.2857383191585541,0.0009493041681462655,0.5955564068773637
0.007698411587625742,0.00198419950902462,8.066370964050293,0.2857106029987335,0.0009493041681462655,0.5949608504704863
0.00790032185614109,0.0021868133917450905,1.2342798709869385,0.28567543625831604,0.0009493041681462655,0.5943658896200158
0.00784104410558939,0.0021283007226884365,653.9166259765625,0.28563717007637024,0.0009493041681462655,0.5937715237303958
0.007895591668784618,0.002183707896620035,44.62034225463867,0.2855941951274872,0.0009483548639781192,0.5931777522066654
0.008485399186611176,0.002774341031908989,14.691568374633789,0.2855529487133026,0.0009483548639781192,0.5925845744544587
0.008362598717212677,0.0026524001732468605,33.7366828918457,0.2855099141597748,0.0009483548639781192,0.5919919898800042
0.008603667840361595,0.0028941663913428783,4.33095645904541,0.2854750454425812,0.0009483548639781192,0.5913999978901242
0.00864418875426054,0.0029352493584156036,3.8332433700561523,0.28544697165489197,0.0009483548639781192,0.590808597892234
0.008986498229205608,0.0032777180895209312,8.980993270874023,0.28543901443481445,0.0009483548639781192,0.5902177892943418
0.008808927610516548,0.003099953755736351,46.9653205871582,0.28544872999191284,0.0009483548639781192,0.5896275715050474
0.009029398672282696,0.0033193607814610004,17.61532974243164,0.2855018973350525,0.0009483548639781192,0.5890379439335424
0.009050101041793823,0.0033381469547748566,6.353514671325684,0.2855977416038513,0.0009483548639781192,0.5884489059896089
0.00914514996111393,0.0034303623251616955,13.423371315002441,0.28573936223983765,0.0009483548639781192,0.5878604570836192
0.009049258194863796,0.0033306691329926252,16.31257438659668,0.28592944145202637,0.0009474065091141411,0.5872725966265356
0.008737277239561081,0.0030138331931084394,5.48186731338501,0.28617221117019653,0.0009474065091141411,0.5866853240299091
0.008640062063932419,0.002910792361944914,10.616747856140137,0.28646349906921387,0.0009474065091141411,0.5860986387058792
0.008275200612843037,0.002539187204092741,0.9085924029350281,0.28680068254470825,0.0009474065091141411,0.5855125400671733
0.0081311771646142,0.0023876260966062546,9.349004745483398,0.28717756271362305,0.0009474065091141411,0.5849270275271061
0.007744600996375084,0.0019929201807826757,231.9395294189453,0.2875840365886688,0.0009474065091141411,0.584342100499579
0.007537828292697668,0.0017780348425731063,6.176501274108887,0.28798967599868774,0.0009474065091141411,0.5837577583990794
0.007772891316562891,0.0020052576437592506,3.985563278198242,0.2883816957473755,0.0009474065091141411,0.5831740006406804
0.008002793416380882,0.002228174125775695,3.8733127117156982,0.2887309491634369,0.0009474065091141411,0.5825908266400397
0.008540314622223377,0.0027604259084910154,176.6579132080078,0.2889944314956665,0.0009474065091141411,0.5820082358133997
0.008255328983068466,0.0024743257090449333,8.086762428283691,0.2890501618385315,0.0009464591026050269,0.5814262275775862
0.008227501064538956,0.0024485483299940825,12.785577774047852,0.2889476418495178,0.0009464591026050269,0.5808448013500086
0.008098000660538673,0.002323775552213192,5.069387435913086,0.288711279630661,0.0009464591026050269,0.5802639565486586
0.00793209858238697,0.0021643885411322117,2.6008048057556152,0.2883855104446411,0.0009464591026050269,0.57968369259211
0.007636228576302528,0.0018759164959192276,2.1688315868377686,0.28801560401916504,0.0009464591026050269,0.5791040088995179
0.00741606205701828,0.0016632729675620794,354.15277099609375,0.28763943910598755,0.0009464591026050269,0.5785249048906184
0.007426433730870485,0.0016805864870548248,670.0184326171875,0.28729236125946045,0.0009464591026050269,0.5779463799857277
0.007256403565406799,0.0015167614910751581,38.918800354003906,0.28698208928108215,0.0009464591026050269,0.577368433605742
0.007340957410633564,0.0016069490229710937,643.5241088867188,0.28670042753219604,0.0009464591026050269,0.5767910651721362
0.0072769103571772575,0.0015479230787605047,649.72802734375,0.2864493727684021,0.0009464591026050269,0.576214274106964
0.007221797481179237,0.0014974045334383845,19.5682315826416,0.28621965646743774,0.0009455126435024218,0.5756380598328571
0.007090354338288307,0.0013701849384233356,19.84838104248047,0.28600847721099854,0.0009455126435024218,0.5750624217730242
0.007187536917626858,0.0014712333213537931,34.71422576904297,0.28581517934799194,0.0009455126435024218,0.5744873593512512
0.007134437095373869,0.0014218230498954654,20.339086532592773,0.2856307029724121,0.0009455126435024218,0.5739128719918999
0.0072266533970832825,0.0015176524175330997,6.944149017333984,0.2854500412940979,0.0009455126435024218,0.573338959119908
0.006947869434952736,0.0012425531167536974,5.521317481994629,0.28526580333709717,0.0009455126435024218,0.572765620160788
0.006923314183950424,0.0012217548210173845,29.820056915283203,0.2850779891014099,0.0009455126435024218,0.5721928545406272
0.006898032035678625,0.0012002508156001568,0.9720609784126282,0.2848890721797943,0.0009455126435024218,0.5716206616860866
0.006896626204252243,0.0012026266194880009,651.6087646484375,0.2846999764442444,0.0009455126435024218,0.5710490410244006
0.006729430053383112,0.0010392069816589355,7.59689474105835,0.28451114892959595,0.0009455126435024218,0.5704779919833761
0.006806276272982359,0.0011198143474757671,75.17476654052734,0.2843230962753296,0.0009445671308589194,0.5699075139913927
0.00688534788787365,0.001202635234221816,38.00031661987305,0.284135639667511,0.0009445671308589194,0.5693376064774013
0.0067641399800777435,0.0010850986000150442,4.683839797973633,0.2839520573616028,0.0009445671308589194,0.5687682688709239
0.006917508319020271,0.0012420627754181623,15.706958770751953,0.2837722897529602,0.0009445671308589194,0.5681995006020529
0.0069943685084581375,0.0013224425492808223,1037.66796875,0.28359630703926086,0.0009445671308589194,0.5676313011014509
0.006643152795732021,0.0009747401345521212,148.31106567382812,0.2834206223487854,0.0009445671308589194,0.5670636698003494
0.006717618554830551,0.001052681589499116,79.33612823486328,0.28324684500694275,0.0009445671308589194,0.5664966061305491
0.00667327456176281,0.0010118249338120222,174.09010314941406,0.28307247161865234,0.0009445671308589194,0.5659301095244186
0.0067072296515107155,0.0010492363944649696,129.40121459960938,0.2828996777534485,0.0009445671308589194,0.5653641794148941
0.0066273026168346405,0.0009727421565912664,49.088226318359375,0.28272801637649536,0.0009445671308589194,0.5647988152354793
0.006585570052266121,0.0009343962883576751,38.512474060058594,0.2825586795806885,0.0009436225637280605,0.5642340164202437
0.006538192741572857,0.0008904084097594023,756.166259765625,0.28238922357559204,0.0009436225637280605,0.5636697824038235
0.006573550868779421,0.0009290978196077049,679.8977661132812,0.2822226583957672,0.0009436225637280605,0.5631061126214196
0.006620035506784916,0.0009788768365979195,12.886924743652344,0.2820579409599304,0.0009436225637280605,0.5625430065087982
0.0065807802602648735,0.0009428792400285602,7.653282642364502,0.2818950414657593,0.0009436225637280605,0.5619804635022894
0.006469283252954483,0.0008346149115823209,17.757856369018555,0.2817334234714508,0.0009436225637280605,0.561418483038787
0.006588755175471306,0.0009572759736329317,19.68442726135254,0.28157395124435425,0.0009436225637280605,0.5608570645557482
0.006449490319937468,0.0008211657404899597,305.3196105957031,0.28141623735427856,0.0009436225637280605,0.5602962074911925
0.006537043023854494,0.0009118323214352131,39.72279357910156,0.28126055002212524,0.0009436225637280605,0.5597359112837013
0.006606769748032093,0.0009846057510003448,48.30459976196289,0.28110820055007935,0.0009436225637280605,0.5591761753724176
0.006695852614939213,0.0010766795603558421,39.45426940917969,0.2809586524963379,0.0009426789411643324,0.5586169991970452
0.0065181804820895195,0.0009019423741847277,8.875432968139648,0.2808119058609009,0.0009426789411643324,0.5580583821978482
0.006574719678610563,0.0009613498114049435,4.071451663970947,0.2806684970855713,0.0009426789411643324,0.5575003238156504
0.0066243987530469894,0.0010138241341337562,5.963195323944092,0.280528724193573,0.0009426789411643324,0.5569428234918348
0.006695731543004513,0.0010878583416342735,22.017669677734375,0.28039366006851196,0.0009426789411643324,0.5563858806683429
0.0068894424475729465,0.0012841849820688367,12.857934951782227,0.28026288747787476,0.0009426789411643324,0.5558294947876746
0.0066938018426299095,0.0010910502169281244,9.880125999450684,0.2801375687122345,0.0009426789411643324,0.5552736652928869
0.006738673429936171,0.001138297375291586,710.9093017578125,0.28001880645751953,0.0009426789411643324,0.5547183916275941
0.006816570181399584,0.0012184156803414226,9.385812759399414,0.2799077332019806,0.0009426789411643324,0.5541636732359665
0.00688165333122015,0.001285565784201026,10.288528442382812,0.27980437874794006,0.0009426789411643324,0.5536095095627305
0.0069344500079751015,0.0013402446638792753,56.85273361206055,0.2797102928161621,0.0009417362622231681,0.5530559000531677
0.006908044684678316,0.0013155335327610373,71.82424926757812,0.2796255648136139,0.0009417362622231681,0.5525028441531146
0.007045149337500334,0.001454140990972519,34.06753921508789,0.2795504331588745,0.0009417362622231681,0.5519503413089615
0.007050919346511364,0.001461207284592092,17.275638580322266,0.2794856131076813,0.0009417362622231681,0.5513983909676525
0.007212105207145214,0.0016234635841101408,3.7608845233917236,0.279432088136673,0.0009417362622231681,0.5508469925766849
0.007338912226259708,0.0017510869074612856,1191.083251953125,0.2793912887573242,0.0009417362622231681,0.5502961455841082
0.007544115651398897,0.001956820022314787,12.40740966796875,0.27936479449272156,0.0009417362622231681,0.5497458494385241
0.0078258216381073,0.0022387520875781775,6.093514919281006,0.2793534994125366,0.0009417362622231681,0.5491961035890855
0.007946454919874668,0.0023592528887093067,4.675594806671143,0.2793601155281067,0.0009417362622231681,0.5486469074854965
0.008198139257729053,0.002610409166663885,2.2610721588134766,0.2793865203857422,0.0009417362622231681,0.548098260578011
0.008448786102235317,0.0028600951191037893,5.96580171585083,0.27943456172943115,0.0009407945259609449,0.547550162317433
0.008805322460830212,0.003215185133740306,322.33673095703125,0.2795068621635437,0.0009407945259609449,0.5470026121551156
0.009084813296794891,0.0034927157685160637,439.12774658203125,0.27960485219955444,0.0009407945259609449,0.5464556095429605
0.009493199177086353,0.003898538649082184,12.524712562561035,0.2797330319881439,0.0009407945259609449,0.5459091539334175
0.009867213666439056,0.004269321449100971,11.849571228027344,0.2798946499824524,0.0009407945259609449,0.5453632447794842
0.010380296036601067,0.004778346978127956,22.10051727294922,0.28009742498397827,0.0009407945259609449,0.5448178815347047
0.010841356590390205,0.00523451529443264,14.257913589477539,0.2803420424461365,0.0009407945259609449,0.54427306365317
0.011467933654785156,0.005855241324752569,5.29354190826416,0.28063464164733887,0.0009407945259609449,0.5437287905895168
0.01218180637806654,0.006562117487192154,2.41300106048584,0.28098446130752563,0.0009407945259609449,0.5431850617989273
0.012878448702394962,0.007250526919960976,7.135468006134033,0.2813960909843445,0.0009407945259609449,0.5426418767371284
0.013575201854109764,0.007937620393931866,13.856672286987305,0.2818790674209595,0.000939853731434984,0.5420992348603912
0.014192723669111729,0.00854411069303751,18.191162109375,0.28243064880371094,0.000939853731434984,0.5415571356255309
0.014761358499526978,0.009099991992115974,507.8667907714844,0.28306829929351807,0.000939853731434984,0.5410155784899053
0.015780789777636528,0.010104845277965069,3.746638536453247,0.2837972342967987,0.000939853731434984,0.5404745629114154
0.016249582171440125,0.01055715512484312,12.477784156799316,0.28462135791778564,0.000939853731434984,0.539934088348504
0.016778558492660522,0.011067727580666542,15.630300521850586,0.2855415940284729,0.000939853731434984,0.5393941542601555
0.017101161181926727,0.011369757354259491,640.31689453125,0.2865701913833618,0.000939853731434984,0.5388547601058953
0.017459159716963768,0.011705043725669384,12.058145523071289,0.28770577907562256,0.000939853731434984,0.5383159053457894
0.017576199024915695,0.0117970434948802,9.249423027038574,0.28895774483680725,0.000939853731434984,0.5377775894404436
0.01756979152560234,0.011763719841837883,662.0451049804688,0.2903035879135132,0.000939853731434984,0.5372398118510032
0.017664022743701935,0.01182924211025238,652.5193481445312,0.2917390465736389,0.000938913877703549,0.5367025720391522
0.01763351447880268,0.011768581345677376,644.0912475585938,0.29324665665626526,0.000938913877703549,0.536165869467113
0.01828816346824169,0.012392531149089336,6.4254326820373535,0.2947816252708435,0.000938913877703549,0.5356297035976458
0.01937541924417019,0.013448966667056084,11.297362327575684,0.29632264375686646,0.000938913877703549,0.5350940738940482
0.020536471158266068,0.014579780399799347,3.2740933895111084,0.297834575176239,0.000938913877703549,0.5345589798201541
0.022759556770324707,0.01677538827061653,2.7388393878936768,0.29920846223831177,0.000938913877703549,0.534024420840334
0.024156969040632248,0.018148262053728104,5.253023624420166,0.300435334444046,0.000938913877703549,0.5334903964194936
0.025553513318300247,0.01952342502772808,4.184566974639893,0.3015044629573822,0.000938913877703549,0.5329569060230741
0.026383807882666588,0.020335521548986435,9.875394821166992,0.3024143576622009,0.000938913877703549,0.532423949117051
0.027389757335186005,0.021325422450900078,532.5980224609375,0.30321669578552246,0.000938913877703549,0.531891525167934
0.02817808836698532,0.022098621353507042,5.860058784484863,0.30397331714630127,0.0009379749638258455,0.5313596336427661
0.02829594537615776,0.022201113402843475,654.46533203125,0.30474159121513367,0.0009379749638258455,0.5308282740091232
0.028155269101262093,0.022042453289031982,9.190779685974121,0.3056408166885376,0.0009379749638258455,0.5302974457351142
0.02703426592051983,0.02090100757777691,8.868706703186035,0.306662917137146,0.0009379749638258455,0.5297671482893791
0.025958381593227386,0.019801665097475052,17.92458152770996,0.3078358769416809,0.0009379749638258455,0.5292373811410898
0.02351529337465763,0.01733214780688286,3.688530921936035,0.3091573119163513,0.0009379749638258455,0.5287081437599487
0.021544337272644043,0.015332384034991264,2.5655367374420166,0.3105977177619934,0.0009379749638258455,0.5281794356161887
0.018143614754080772,0.011901404708623886,115.86412811279297,0.3121104836463928,0.0009379749638258455,0.5276512561805725
0.015308969654142857,0.009035686030983925,0.9971609115600586,0.31366419792175293,0.0009379749638258455,0.5271236049243919
0.013556592166423798,0.007254782598465681,1.6161106824874878,0.31509047746658325,0.0009379749638258455,0.5265964813194676
0.013440337032079697,0.007113738916814327,13.846938133239746,0.3163299262523651,0.0009370369888620196,0.5260698848381481
0.014506720006465912,0.008161830715835094,3.6331892013549805,0.3172444701194763,0.0009370369888620196,0.5255438149533099
0.016861286014318466,0.01050698570907116,1.0688267946243286,0.317715048789978,0.0009370369888620196,0.5250182711383566
0.016283173114061356,0.009929712861776352,2.5583066940307617,0.31767305731773376,0.0009370369888620196,0.5244932528672183
0.01596100628376007,0.009616494178771973,5.729106903076172,0.3172256350517273,0.0009370369888620196,0.5239687596143511
0.014406675472855568,0.008077533915638924,0.77402263879776,0.3164570927619934,0.0009370369888620196,0.5234447908547367
0.012600845657289028,0.006290722638368607,1.5718863010406494,0.3155061602592468,0.0009370369888620196,0.522921346063882
0.012349587865173817,0.006059871520847082,7.024612903594971,0.3144858181476593,0.0009370369888620196,0.522398424717818
0.011586198583245277,0.005317538045346737,1.4429198503494263,0.31343305110931396,0.0009370369888620196,0.5218760262931003
0.011197802610695362,0.004949558060616255,3.292701482772827,0.31241223216056824,0.0009370369888620196,0.5213541502668072
0.011003760620951653,0.004774495027959347,0.7941076755523682,0.31146329641342163,0.0009360999518731576,0.5208327961165404
0.011042490601539612,0.0048303562216460705,2.5193240642547607,0.3106067180633545,0.0009360999518731576,0.5203119633204238
0.010688764974474907,0.00449202349409461,3.7829244136810303,0.30983710289001465,0.0009360999518731576,0.5197916513571034
0.010342271998524666,0.004159355536103249,3.440305709838867,0.30914580821990967,0.0009360999518731576,0.5192718597057463
0.010410094633698463,0.004239809699356556,1.8308367729187012,0.308514267206192,0.0009360999518731576,0.5187525878460405
0.009855601005256176,0.003697054460644722,0.18471910059452057,0.30792734026908875,0.0009360999518731576,0.5182338352581944
0.009442552924156189,0.0032952928449958563,1.0970840454101562,0.30736303329467773,0.0009360999518731576,0.5177156014229363
0.009203800931572914,0.003067397279664874,524.9058837890625,0.30682018399238586,0.0009360999518731576,0.5171978858215134
0.00912050623446703,0.002994981361553073,22.073930740356445,0.30627623200416565,0.0009360999518731576,0.5166806879356919
0.008778087794780731,0.0026634708046913147,5.131653785705566,0.3057308495044708,0.0009360999518731576,0.5161640072477562
0.008428849279880524,0.0023253560066223145,292.35113525390625,0.30517464876174927,0.0009351638519212844,0.5156478432405085
0.008710172027349472,0.0026182448491454124,1.4499284029006958,0.30459633469581604,0.0009351638519212844,0.515132195397268
0.008544712327420712,0.0024648550897836685,3.7696187496185303,0.3039928674697876,0.0009351638519212844,0.5146170632018707
0.00868958979845047,0.0026223044842481613,6.540791988372803,0.30336424708366394,0.0009351638519212844,0.5141024461386688
0.00865902192890644,0.0026048091240227222,4.2990827560424805,0.3027106523513794,0.0009351638519212844,0.5135883436925301
0.008726978674530983,0.002686223015189171,4.272008895874023,0.30203777551651,0.0009351638519212844,0.5130747553488376
0.008374826051294804,0.0023477799259126186,2.2880518436431885,0.301352322101593,0.0009351638519212844,0.5125616805934888
0.008241557516157627,0.002228442346677184,5.222762584686279,0.3006557822227478,0.0009351638519212844,0.5120491189128954
0.008262837305665016,0.0022636267822235823,4.9604291915893555,0.29996052384376526,0.0009351638519212844,0.5115370697939825
0.008197098970413208,0.002211650600656867,2.927412748336792,0.29927244782447815,0.0009351638519212844,0.5110255327241885
0.008109589107334614,0.0021376865915954113,3.624957323074341,0.298595130443573,0.0009342286880693632,0.5105145071914643
0.008166573941707611,0.0022077099420130253,2.949317216873169,0.2979431748390198,0.0009342286880693632,0.5100039926842729
0.0081485565751791,0.002202251460403204,3.0795416831970215,0.29731523990631104,0.0009342286880693632,0.5094939886915886
0.007967757992446423,0.002033484634011984,1.6427979469299316,0.2967136800289154,0.0009342286880693632,0.508984494702897
0.008245826698839664,0.0023230728693306446,1.7212406396865845,0.2961376905441284,0.0009342286880693632,0.508475510208194
0.008283552713692188,0.002371786395087838,4.948960781097412,0.29558831453323364,0.0009342286880693632,0.5079670346979859
0.008184364065527916,0.00228306045755744,645.6239013671875,0.29506516456604004,0.0009342286880693632,0.5074590676632879
0.008046098053455353,0.0021547283977270126,5.171555519104004,0.2945684790611267,0.0009342286880693632,0.5069516085956246
0.007906362414360046,0.0020244219340384007,3.387289047241211,0.29409700632095337,0.0009342286880693632,0.506444656987029
0.007879719138145447,0.0020068157464265823,2.1764438152313232,0.2936452031135559,0.0009342286880693632,0.505938212330042
0.007785581052303314,0.0019213175401091576,665.6397705078125,0.2932131886482239,0.0009332944593812938,0.505432274117712
0.007619767915457487,0.0017638414865359664,1.6834290027618408,0.2927963137626648,0.0009332944593812938,0.5049268418435943
0.007527945563197136,0.0016800721641629934,646.6680297851562,0.29239368438720703,0.0009332944593812938,0.5044219150017507
0.007374214474111795,0.0015341335674747825,6.824555397033691,0.2920040488243103,0.0009332944593812938,0.5039174930867489
0.007305128034204245,0.001472592237405479,639.3215942382812,0.29162678122520447,0.0009332944593812938,0.5034135755936622
0.007252745795994997,0.0014275646535679698,14.989124298095703,0.2912590503692627,0.0009332944593812938,0.5029101620180685
0.007011344190686941,0.001193377305753529,4.582179546356201,0.2908983528614044,0.0009332944593812938,0.5024072518560504
0.006983137223869562,0.0011722585186362267,9.791999816894531,0.29054394364356995,0.0009332944593812938,0.5019048446041944
0.007100284099578857,0.001296410569921136,2.9306278228759766,0.29019367694854736,0.0009332944593812938,0.5014029397595902
0.0070844972506165504,0.0012875845422968268,11.3795166015625,0.28984564542770386,0.0009332944593812938,0.5009015368198305
0.007090067025274038,0.0013000954641029239,20.724515914916992,0.28949856758117676,0.0009323611649219125,0.5004006352830107
0.007195679470896721,0.0014126438181847334,6.511424541473389,0.28915178775787354,0.0009323611649219125,0.4999002346477277
0.00711293937638402,0.0013368487125262618,6.043364524841309,0.2888045310974121,0.0009323611649219125,0.49940033441307996
0.00713847391307354,0.0013693127548322082,5.208848476409912,0.28845804929733276,0.0009323611649219125,0.49890093407866687
0.0071935588493943214,0.0014313062420114875,9.435498237609863,0.2881126403808594,0.0009323611649219125,0.4984020331445882
0.007270508445799351,0.0015151280676946044,6.540421485900879,0.28776901960372925,0.0009323611649219125,0.4979036311114436
0.007330313790589571,0.001581755350343883,3.8766324520111084,0.2874279320240021,0.0009323611649219125,0.4974057274803321
0.007313063833862543,0.0015712374588474631,4.499098777770996,0.28709131479263306,0.0009323611649219125,0.49690832175285177
0.0072196172550320625,0.0014844238758087158,4.0305256843566895,0.2867596745491028,0.0009323611649219125,0.4964114134310989
0.007205091416835785,0.001476384000852704,7.5776591300964355,0.28643539547920227,0.0009323611649219125,0.4959150020176678
0.007182353176176548,0.0014599382411688566,5.019549369812012,0.286120742559433,0.0009314288037569906,0.49541908701565013
0.007274026051163673,0.0015576676232740283,2.3183000087738037,0.2858179211616516,0.0009314288037569906,0.49492366792863446
0.007225348148494959,0.0015148347010836005,736.6275024414062,0.28552567958831787,0.0009314288037569906,0.4944287442607058
0.0073327599093317986,0.0016278394032269716,5.764548301696777,0.28524601459503174,0.0009314288037569906,0.4939343155164451
0.007304326165467501,0.001604782766662538,9.568015098571777,0.28497716784477234,0.0009314288037569906,0.4934403812009287
0.007387110032141209,0.0016927067190408707,22.426719665527344,0.28472018241882324,0.0009314288037569906,0.4929469408197278
0.007441561669111252,0.0017520706169307232,12.054242134094238,0.28447455167770386,0.0009314288037569906,0.49245399387890804
0.007464451715350151,0.0017796660540625453,661.0712280273438,0.2842392921447754,0.0009314288037569906,0.4919615398850291
0.007307111751288176,0.0016268277540802956,4.433624744415283,0.28401419520378113,0.0009314288037569906,0.4914695783451441
0.007354476489126682,0.0016784941544756293,661.7914428710938,0.28379911184310913,0.0009314288037569906,0.4909781087667989
0.007412705570459366,0.0017408167477697134,6.702817916870117,0.28359442949295044,0.0009304973749532337,0.4904871306580321
0.007343325763940811,0.0016753475647419691,13.338390350341797,0.28339892625808716,0.0009304973749532337,0.4899966435273741
0.007308242842555046,0.001643975032493472,14.402568817138672,0.28321340680122375,0.0009304973749532337,0.4895066468838467
0.00726447906345129,0.0016037439927458763,10.369012832641602,0.2830367684364319,0.0009304973749532337,0.48901714023696286
0.007185907103121281,0.0015285275876522064,657.5244140625,0.28286898136138916,0.0009304973749532337,0.4885281230967259
0.007140927482396364,0.001486755907535553,4.182339668273926,0.2827085852622986,0.0009304973749532337,0.48803959497362914
0.007099974900484085,0.0014488970628008246,8.791974067687988,0.28255388140678406,0.0009304973749532337,0.4875515553786555
0.0069966367445886135,0.001348546240478754,601.714111328125,0.2824045419692993,0.0009304973749532337,0.48706400382327686
0.006910322699695826,0.0012651490978896618,9.239215850830078,0.28225868940353394,0.0009304973749532337,0.4865769398194536
0.0069214822724461555,0.0012791657354682684,8.16770076751709,0.2821158170700073,0.0009304973749532337,0.48609036287963414
0.006535776890814304,0.0008963122963905334,1.7100850343704224,0.2819732427597046,0.0009295668775782805,0.48560427251675453
0.00649761687964201,0.0008609751239418983,11.791790008544922,0.28183209896087646,0.0009295668775782805,0.48511866824423777
0.006533963605761528,0.0009001318248920143,6.595922946929932,0.28169161081314087,0.0009295668775782805,0.4846335495759935
0.006375646218657494,0.0007446379167959094,1.9640748500823975,0.28155040740966797,0.0009295668775782805,0.4841489160264175
0.006457023788243532,0.0008288625394925475,12.692354202270508,0.28140807151794434,0.0009295668775782805,0.4836647671103911
0.00634918175637722,0.0007239127298817039,5.734010219573975,0.28126344084739685,0.0009295668775782805,0.4831811023432807
0.006315747741609812,0.0006934367120265961,11.485626220703125,0.2811155617237091,0.0009295668775782805,0.4826979212409374
0.0064606983214616776,0.0008414124022237957,1.0397919416427612,0.28096431493759155,0.0009295668775782805,0.48221522331969646
0.006505513563752174,0.0008893331396393478,3.3356897830963135,0.28080904483795166,0.0009295668775782805,0.48173300809637676
0.0065230559557676315,0.000910076079890132,0.564624547958374,0.28064900636672974,0.0009295668775782805,0.48125127508828036
0.006434117443859577,0.0008244197815656662,9.758749008178711,0.2804848849773407,0.0009286373107007022,0.48077002381319206
0.00650760205462575,0.000901254708878696,8.89456558227539,0.28031736612319946,0.0009286373107007022,0.48028925378937887
0.006456615868955851,0.0008536690729670227,8.625560760498047,0.28014734387397766,0.0009286373107007022,0.47980896453558947
0.006509095896035433,0.0009096022695302963,657.6066284179688,0.27997469902038574,0.0009286373107007022,0.4793291555710539
0.0064988648518919945,0.0009028506465256214,12.397481918334961,0.2798007130622864,0.0009286373107007022,0.47884982641548285
0.0065428754314780235,0.0009503399487584829,17.372196197509766,0.2796267867088318,0.0009286373107007022,0.47837097658906735
0.006401028484106064,0.0008119761478155851,5.941557884216309,0.2794526219367981,0.0009286373107007022,0.47789260561247826
0.006439167074859142,0.0008535705273970962,645.8950805664062,0.27927982807159424,0.0009286373107007022,0.4774147130068658
0.006529274396598339,0.000947088934481144,435.0658874511719,0.27910926938056946,0.0009286373107007022,0.4769372982938589
0.006361554376780987,0.0007827107328921556,244.18772888183594,0.27894216775894165,0.0009286373107007022,0.47646036099556505
0.006432185415178537,0.000856611120980233,17.57268714904785,0.27877873182296753,0.0009277086733900015,0.47598390063456947
0.0063351658172905445,0.0007627772865816951,12.108680725097656,0.2786194384098053,0.0009277086733900015,0.4755079167339349
0.006341650616377592,0.0007723543676547706,8.325247764587402,0.27846482396125793,0.0009277086733900015,0.47503240881720094
0.006334095261991024,0.0007677999092265964,7.4643635749816895,0.2783147692680359,0.0009277086733900015,0.47455737640838375
0.006464498117566109,0.0009011002257466316,301.4706115722656,0.2781699001789093,0.0009277086733900015,0.47408281903197536
0.0064065055921673775,0.0008458987576887012,19.917552947998047,0.2780303359031677,0.0009277086733900015,0.47360873621294336
0.006479551550000906,0.0009216245962306857,4.202885150909424,0.27789634466171265,0.0009277086733900015,0.4731351274767304
0.006389969494193792,0.0008346293470822275,12.071378707885742,0.27776700258255005,0.0009277086733900015,0.4726619923492537
0.006523022893816233,0.0009701666422188282,7.1574201583862305,0.2776428163051605,0.0009277086733900015,0.47218933035690447
0.006465137004852295,0.0009146591182798147,5.995640277862549,0.2775239050388336,0.0009277086733900015,0.47171714102654755
0.006509480066597462,0.0009612895082682371,9.549941062927246,0.27740955352783203,0.0009267809647166115,0.471245423885521
0.006446882151067257,0.0009008714696392417,6.213385105133057,0.27730053663253784,0.0009267809647166115,0.47077417846163544
0.006562399212270975,0.0010184794664382935,2.3741791248321533,0.2771959900856018,0.0009267809647166115,0.4703034042831738
0.006563114933669567,0.001021187985315919,2.841611623764038,0.27709636092185974,0.0009267809647166115,0.46983310087889063
0.006460741627961397,0.0009207145194523036,4.407855033874512,0.27700138092041016,0.0009267809647166115,0.46936326777801174
0.006576096639037132,0.0010378879960626364,5.540126800537109,0.2769104242324829,0.0009267809647166115,0.4688939045102337
0.006607179529964924,0.0010707129258662462,6.94176721572876,0.27682334184646606,0.0009267809647166115,0.4684250106057235
0.0065221767872571945,0.0009873670060187578,7.088181495666504,0.27674049139022827,0.0009267809647166115,0.46795658559511777
0.0065722959116101265,0.001039071474224329,4.847330093383789,0.276661217212677,0.0009267809647166115,0.46748862900952265
0.0065117790363729,0.000980074517428875,10.6577787399292,0.2765852212905884,0.0009267809647166115,0.4670211403805131
0.0065063838846981525,0.0009761351393535733,13.313523292541504,0.2765124440193176,0.0009258541837518949,0.4665541192401326
0.006527566350996494,0.0009987065568566322,9.030373573303223,0.2764430046081543,0.0009258541837518949,0.4660875651208925
0.0066053555347025394,0.0010778270661830902,4.1271514892578125,0.2763764262199402,0.0009258541837518949,0.4656214775557716
0.0065674735233187675,0.0010412255069240928,8.844743728637695,0.2763124108314514,0.0009258541837518949,0.46515585607821586
0.006466228049248457,0.0009412009967491031,5.1280646324157715,0.27625134587287903,0.0009258541837518949,0.46469070022213765
0.006437409669160843,0.0009135545114986598,8.463820457458496,0.2761927843093872,0.0009258541837518949,0.4642260095219155
0.006423790939152241,0.0009010581998154521,674.08544921875,0.2761366367340088,0.0009258541837518949,0.4637617835123936
0.006431478075683117,0.0009098529117181897,5.949049472808838,0.27608126401901245,0.0009258541837518949,0.46329802172888124
0.006479028146713972,0.0009584942599758506,645.3308715820312,0.2760266959667206,0.0009258541837518949,0.46283472370715234
0.0063836281187832355,0.0008641675813123584,18.5736083984375,0.27597302198410034,0.0009258541837518949,0.46237188898344517
0.006418558768928051,0.0009001861326396465,660.9993286132812,0.2759186327457428,0.0009249283295681431,0.4619095170944617
0.006368075497448444,0.0008508075843565166,20.953096389770508,0.2758634090423584,0.0009249283295681431,0.46144760757736725
0.0064115277491509914,0.0008953898213803768,10.123313903808594,0.27580690383911133,0.0009249283295681431,0.46098615996978987
0.00645788386464119,0.0009429058991372585,671.2766723632812,0.2757489085197449,0.0009249283295681431,0.46052517380982005
0.006499927490949631,0.0009861474391072989,666.545654296875,0.2756890058517456,0.0009249283295681431,0.4600646486360102
0.006380415055900812,0.0008678510785102844,6.918245792388916,0.2756282091140747,0.0009249283295681431,0.4596045839873742
0.006437042728066444,0.0009257456986233592,31.267541885375977,0.27556484937667847,0.0009249283295681431,0.45914497940338683
0.006472488399595022,0.0009624920785427094,19.745988845825195,0.2754998207092285,0.0009249283295681431,0.4586858344239834
0.0065406570211052895,0.001031989580951631,7.007316589355469,0.27543336153030396,0.0009249283295681431,0.45822714858955943
0.006513519212603569,0.0010062374640256166,24.156728744506836,0.27536410093307495,0.0009249283295681431,0.45776892144096987
0.0064757876098155975,0.0009699250804260373,28.15782928466797,0.27529314160346985,0.0009240034012385749,0.4573111525195289
0.006491906009614468,0.0009874969255179167,29.13810920715332,0.27522048354148865,0.0009240034012385749,0.4568538413670094
0.006511241663247347,0.001008303719572723,13.210577964782715,0.2751469016075134,0.0009240034012385749,0.4563969875256424
0.006555435247719288,0.0010539874201640487,21.967449188232422,0.2750723958015442,0.0009240034012385749,0.45594059053811675
0.006559883709996939,0.0010599484667181969,19.213613510131836,0.2749967575073242,0.0009240034012385749,0.45548464994757865
0.006553793791681528,0.0010553705506026745,1281.492431640625,0.274921178817749,0.0009240034012385749,0.45502916529763104
0.006610387470573187,0.0011134707601740956,21.18325424194336,0.27484583854675293,0.0009240034012385749,0.45457413613233344
0.00656769797205925,0.0010722766164690256,665.6116943359375,0.2747710943222046,0.0009240034012385749,0.4541195619962011
0.006591124925762415,0.0010971786687150598,6.818084239959717,0.27469733357429504,0.0009240034012385749,0.4536654424342049
0.006600153166800737,0.001107641845010221,10.240845680236816,0.2746255695819855,0.0009240034012385749,0.45321177699177073
0.00658589880913496,0.0010947645641863346,2.321406364440918,0.2745567262172699,0.0009230793978373363,0.452758565214779
0.006616728380322456,0.0011269075330346823,10.219688415527344,0.2744910717010498,0.0009230793978373363,0.4523058066495642
0.006577488500624895,0.0010889164404943585,14.39109992980957,0.2744286060333252,0.0009230793978373363,0.45185350084291465
0.006636389065533876,0.0011489982716739178,11.45014762878418,0.2743695378303528,0.0009230793978373363,0.4514016473420717
0.006572955287992954,0.0010866745142266154,4.841790199279785,0.2743140459060669,0.0009230793978373363,0.45095024569472963
0.006551925092935562,0.0010667069582268596,14.066457748413086,0.27426090836524963,0.0009230793978373363,0.4504992954490349
0.006520700640976429,0.001036477042362094,12.231876373291016,0.27421116828918457,0.0009230793978373363,0.45004879615358584
0.006437833420932293,0.0009545334614813328,8.296038627624512,0.27416500449180603,0.0009230793978373363,0.44959874735743227
0.006512153893709183,0.0010297156404703856,7.348295211791992,0.2741219401359558,0.0009230793978373363,0.4491491486100748
